ego,mo,fa,proci,orien,birthd,rs4844573_impute_override3,rs2906999_hart,rs2075520_impute_override3,rs4844573_po,rs2906999_po,rs2075520_po
106412,5032,3941,3503,8012,1969-09-29,0TT,100,2CC,00,00,CC
23991,8242,5421,8621,8618,1938-07-30,2CT,2TC,0AC,CT,00,00
32231,2702,5891,9149,9115,1952-04-02,0TC,100,2AA,00,00,AA
116622,25312,3771,,7942,1978-12-02,2TC,2TT,2CC,TC,TT,CC
166552,25862,28631,8475,1706,1986-08-11,0TC,200,0AC,00,00,00
22661,3532,9771,8940,8914,1926-04-11,2CT,20C,2AC,CT,00,AC
110001,24012,23991,23007,8621,1963-03-23,2TC,2TC,2AC,TC,00,AC
107882,4052,4671,,8407,1967-10-09,2TT,20C,2CC,TT,00,CC
110951,28412,98281,22438,8849,1972-02-24,0TT,200,2AC,00,00,AC
100162,24742,32921,5101,1141,1962-05-12,0TC,200,1CC,00,00,00
127702,33602,4471,8340,8312,1955-04-21,0TC,20C,2CC,00,00,CC
118091,38642,96871,7962,7940,1979-07-03,2TT,20T,2CC,TT,00,CC
173152,100202,166371,,1101,1999-09-23,0CC,2T0,0CC,00,00,00
5851,1892,6001,9850,9109,1947-10-16,2TC,2TC,2AC,TC,00,AC
3771,8072,3741,7942,7905,1944-07-05,2CT,2TT,2CC,CT,TT,CC
106352,4122,3871,9658,8006,1966-02-19,2CT,2TT,1CC,CT,TT,00
106351,8372,3711,7944,7903,1950-08-24,2CT,1CC,2CC,CT,00,CC
161852,109952,111381,,3005,1991-08-25,0CC,2TT,0CC,00,00,00
161851,160612,30711,,8464,2000-03-20,2TT,2CC,0CC,TT,00,00
105002,3342,3431,8148,7709,1954-02-26,2TC,20C,2AA,TC,00,AA
172772,146792,108651,8291,2153,1987-08-13,0TC,2T0,0AC,00,TT,00
26152,4342,3531,8341,8813,1950-12-27,2TC,20C,0CC,TC,00,00
26151,7202,5221,7775,7712,1952-11-15,2CC,200,2CA,CC,00,CA
158541,107902,111281,,8959,1989-12-02,0TC,2TT,2CC,00,TT,CC
30661,9102,8011,8448,8405,1936-03-25,2TT,200,2CC,TT,00,CC
161291,107942,107781,,8274,1998-11-16,0TC,2C0,2CC,00,00,CC
153772,4662,34021,,8321,1984-08-15,2TC,2T0,2AC,TC,00,AC
154422,25822,106391,8295,7947,1984-02-10,2CC,2T0,2CC,CC,00,CC
168881,107132,109721,,23008,1994-04-26,2CC,2C0,0CC,CC,00,00
158401,109782,35991,,8325,1988-02-18,0TT,2TC,2AC,00,00,AC
21612,4582,5701,8822,17301,1951-10-10,2CC,20C,1CC,CC,00,00
167041,29752,112191,9164,9144,1982-02-13,2CC,200,2CC,CC,00,CC
154272,25872,97171,2203,8948,1983-06-26,2CT,200,2CA,CT,00,CA
167281,107302,109701,,9655,1998-09-18,0CC,2CC,2CC,00,00,CC
167261,106352,109711,,9658,1994-10-06,2CC,2CT,2AC,CC,00,AC
105711,23862,3401,7776,7769,1975-01-04,2CT,2CT,2AC,CT,00,AC
163922,112742,106561,,7956,1999-03-11,2TT,2C0,2CC,TT,00,CC
162742,105412,108581,8350,8328,1988-02-20,0TC,20T,2CC,00,00,CC
159842,122402,106451,,7948,1987-10-13,2CC,20T,2CC,CC,00,CC
159841,110232,111111,,8866,1994-02-16,0TC,2C0,2CC,00,00,CC
160092,23482,28571,,8858,1986-12-20,2CC,2TC,2CC,CC,00,CC
121141,3652,105421,7735,7774,1979-12-18,0TC,200,2AC,00,00,AC
24081,5542,9421,,8810,1923-10-01,2TT,20T,0CC,TT,00,00
160252,4662,34021,,8321,1986-12-20,2CC,2TC,2AC,CC,00,AC
160251,110682,110931,,22436,1995-03-15,2TT,20T,2CC,TT,00,CC
112312,21152,22641,8323,9748,1961-11-25,1CC,1CT,1AC,00,00,00
112311,4022,5781,9152,9104,1961-05-19,2CC,200,2CA,CC,00,CA
157071,127672,36131,,8345,1986-01-24,2TC,20T,2AC,TC,00,AC
162101,112722,106491,,7955,1997-07-21,2CT,20T,2CC,CT,00,CC
173492,39732,26831,,17402,1981-09-02,0TC,200,0AC,00,00,00
108711,9832,4681,8469,8406,1973-04-14,2CT,2TC,2AC,CT,00,AC
122542,25872,97171,8976,8948,1979-04-17,2TT,2T0,2CA,TT,00,CA
163502,108452,111561,,3003,1998-12-18,2TC,200,2CC,TC,00,CC
29362,1302,4281,8248,8202,1947-04-24,2TC,2CT,1CC,TC,00,00
38642,8372,3711,7940,7903,1941-01-22,2TT,2CT,1CC,TT,00,00
24152,7672,3911,,8009,1951-04-08,0TC,20T,0CC,00,00,00
121702,28482,30881,,8455,1982-10-02,2TT,2TT,0CC,TT,TT,00
106621,4032,96861,7953,7945,1962-05-31,2TC,20T,2CC,TC,00,CC
163612,100082,110951,,22438,1999-04-06,2TT,200,2AA,TT,00,AA
22811,3512,8571,8904,8901,1923-09-12,2CC,2TT,2CC,CC,TT,CC
168861,112222,110001,,23007,1995-05-01,0TT,2C0,2AA,00,00,AA
108951,38802,30761,3701,8449,1971-07-07,2TT,2CC,2CC,TT,00,CC
36151,4772,4571,8344,8311,1952-12-15,0TT,20T,2CC,00,00,CC
112222,25282,23981,23007,9645,1970-01-08,2CT,200,2CA,CT,00,CA
112551,4932,5921,9869,9113,1964-12-27,0TC,2TT,0CC,00,TT,00
108821,26632,30571,8473,8445,1974-08-14,2CC,2C0,2CA,CC,00,CA
115022,27292,30021,3015,17116,1968-10-27,1TC,200,2CC,00,00,CC
159621,110062,111071,,22430,1990-01-03,2TT,2C0,2CA,TT,00,CA
160671,104962,106401,,7951,1994-03-20,2TC,2T0,2CC,TC,TT,CC
24232,4902,3991,17123,8015,1951-02-02,0TT,200,0AC,00,00,00
108001,5892,4411,8270,8214,1962-05-26,0TC,2C0,2CC,00,00,CC
107662,33412,36091,8346,8316,1968-04-16,0TT,20C,0CC,00,00,00
164742,109942,110981,,8865,2000-03-22,2TT,2T0,2CC,TT,00,CC
108862,4392,3391,3008,8609,1966-08-28,2CC,1CT,2CC,CC,00,CC
3342,8452,9861,7709,7707,1927-04-21,2CC,2CC,2AA,CC,00,AA
158971,108082,108781,,8459,1986-12-04,2TT,2TT,2CC,TT,TT,CC
115332,7812,171,17415,17214,1960-05-24,0TC,200,0AA,00,00,00
109992,21612,28651,3602,8822,1977-04-22,2CC,2CC,2AC,CC,00,AC
24522,1012,4171,7717,8114,1946-02-26,0TC,2C0,0CC,00,00,00
160711,115052,106411,,7954,1994-10-08,2TT,2C0,2CC,TT,00,CC
162921,106962,108501,,8334,2001-11-12,0CC,200,2CC,00,00,CC
156031,28362,111541,,8955,1982-09-10,2TT,2C0,2AC,TT,00,AC
110832,28362,111541,,8955,1977-11-07,2TT,2C0,2AA,TT,00,AA
108131,29772,30431,3604,8240,1968-04-18,2CT,2TT,2CC,CT,00,CC
161612,107892,111611,,8958,1990-12-20,2CT,20T,2CC,CT,00,CC
109842,4322,5491,9867,8807,1962-08-07,2CC,20C,2CC,CC,00,CC
111831,39072,97181,8979,8951,1978-03-07,2TC,200,2CC,TC,00,CC
171411,109612,100161,,1103,2001-12-10,0TC,20C,0CC,00,00,00
159431,111512,23961,,9652,1990-03-01,2CT,2CT,2CC,CT,00,CC
160402,108452,111561,,3003,1988-08-05,2CC,20T,2CA,CC,TT,CA
107091,4452,7731,8148,8103,1957-12-27,1TC,100,2CC,00,00,CC
108221,26282,30451,8277,8242,1970-09-23,2CT,20C,2CC,CT,00,CC
161102,108382,4691,8476,8458,1985-08-02,2TT,2T0,2AC,TT,00,AC
5621,3442,5191,8908,8907,1929-12-26,2CC,200,2CC,CC,00,CC
110632,25872,97171,,8948,1970-03-29,2CT,2TC,2CA,CT,00,CA
28741,2882,10061,8881,8809,1958-12-07,0TC,2T0,2AC,00,00,AC
110012,111482,28561,,8847,1977-02-11,2TC,2T0,2AA,TC,00,AA
158391,112362,33961,,8324,1988-08-02,2TC,2CT,2CC,TC,00,CC
158392,107642,36011,,8322,1986-11-04,0CC,200,2CC,00,00,CC
4032,8372,3711,7945,7903,1939-09-19,2TC,2CT,1CC,TC,00,00
109062,24012,23991,8273,8621,1969-05-08,2CC,2CT,0CC,CC,00,00
111542,6052,6011,9050,9117,1962-05-26,0CC,2TC,2CA,00,00,CA
111541,24872,22661,8955,8940,1956-02-02,2TT,2C0,0AC,TT,00,00
110492,28232,97081,22209,8941,1970-03-10,2TT,200,2AC,TT,00,AC
107892,4202,4731,8958,8409,1962-02-20,0TC,2CT,2CA,00,00,CA
160881,105092,111261,,8954,1977-10-01,2TC,2T0,2CA,TC,00,CA
110122,33482,28751,,8851,1973-11-17,0TC,200,2CC,00,00,CC
110941,28412,98281,22435,8849,1970-07-18,0TC,20T,2AC,00,00,AC
100172,24742,32921,3004,1141,1963-08-09,0TC,2TC,2CC,00,00,CC
25052,2172,4971,7853,8518,1953-08-06,0TC,2TC,0CC,00,00,00
25722,3312,5291,8957,8705,1958-06-01,2CC,2TT,2CC,CC,00,CC
167721,109952,111381,,3005,2000-12-18,2TT,200,0CC,TT,00,00
97141,3452,5201,8945,8909,1941-01-07,2CC,20T,2CC,CC,00,CC
4722,9122,8411,8308,8309,1917-04-12,2TC,2C0,2CC,TC,00,CC
39002,9972,3521,8821,8912,1941-01-13,2CC,2TT,2CA,CC,00,CA
154042,24032,7761,8870,17122,1981-05-20,0TC,2C0,0CC,00,00,00
129562,35732,2191,7958,6925,1972-01-21,0TC,200,2CC,00,00,CC
161822,111342,111361,,3002,1992-01-31,0CC,2TT,2CC,00,00,CC
108142,21322,30871,8281,8450,1977-01-08,2TC,2C0,2CA,TC,00,CA
3741,9742,9151,7905,7901,1921-12-23,1TC,2CT,2CC,00,00,CC
4622,5902,4421,1344,8215,1950-04-18,2CC,200,2AC,CC,TT,AC
32001,4022,5781,9145,9104,1949-01-14,2TC,20T,0CC,TC,TT,00
105012,3342,3431,8965,7709,1957-11-29,2TC,200,2AA,TC,00,AA
154442,106692,106441,,7949,1981-08-03,2CC,200,2CC,CC,00,CC
158371,112312,108561,,8323,1986-04-09,0CC,2CT,2CC,00,00,CC
124101,26312,23951,,9647,1982-02-16,2CC,2CC,2AC,CC,00,AC
159361,110342,30601,,8456,1990-07-27,2CC,2CT,2CC,CC,00,CC
101021,25402,26761,1814,1842,1975-10-26,0TC,20T,0CC,00,00,00
161912,105732,111401,,3012,1992-08-08,2TC,20C,2CC,TC,00,CC
107522,29362,4441,3611,8248,1972-10-15,2TC,2CC,2CC,TC,00,CC
173552,112512,108711,,8469,2001-04-24,2CT,2C0,2CC,CT,00,CC
121392,39982,26151,7776,7775,1980-03-22,2CT,20C,2AC,CT,00,AC
25542,5432,9781,9149,8614,1953-04-07,1CT,100,2AC,00,00,AC
158411,105402,108491,,8326,1988-08-20,2TC,200,2CC,TC,00,CC
4531,8212,8881,8308,8307,1912-04-17,0TC,2CT,2CA,00,00,CA
153832,109782,35991,,8325,1985-09-06,0TT,20C,2AC,00,00,AC
154282,106052,106371,,7950,1982-07-22,2CC,2CT,2CC,CC,00,CC
26032,2912,5501,8642,8808,1953-04-20,2CC,20T,0CC,CC,TT,00
124211,24012,23991,23006,8621,1977-12-06,2CC,20T,2AC,CC,00,AC
24091,5542,9421,8848,8810,1935-06-08,2TT,20T,0CC,TT,00,00
160081,162072,107561,,1921,1988-11-02,0TT,200,2CC,00,00,CC
120522,21282,3321,22439,1541,1975-09-20,1CC,2TC,1CC,00,00,00
168982,106352,109711,,9658,1992-07-07,2CC,2CT,2CC,CC,00,CC
121171,29332,30661,8477,8448,1978-12-19,2TC,20T,2CC,TC,00,CC
3521,9732,9731,8912,7721,1911-10-28,2CT,2TC,0CC,CT,00,00
164971,28342,107121,,1946,1994-11-07,2CT,2C0,0AC,CT,00,00
160241,110672,110941,,22435,1995-02-26,0TT,2TT,2CC,00,00,CC
163752,120702,108841,,8461,1997-06-02,2CT,20C,2CA,CT,00,CA
112302,21152,22641,8344,9748,1956-03-23,1TC,2TC,2CC,00,00,CC
110572,25982,97161,22212,8947,1970-03-26,0TC,2CC,2CC,00,00,CC
164402,107312,109601,,9661,2000-05-23,0TC,2C0,2CA,00,00,CA
163191,110032,108891,,8472,2002-12-30,2TT,20C,2CC,TT,00,CC
122552,25872,97171,,8948,1980-04-28,0CC,2T0,2CA,00,00,CA
108721,4052,4671,8460,8407,1963-04-19,2TT,2T0,2AC,TT,00,AC
161442,100182,108761,,8463,1991-07-12,0TT,2CT,2CC,00,00,CC
107702,127702,33991,9666,8340,1977-05-20,2TC,2TC,2AC,TC,00,AC
125252,4522,28291,8867,8740,1975-11-06,0TC,20C,2CC,00,00,CC
106651,4032,96861,7960,7945,1971-02-21,2CC,2TC,2CC,CC,00,CC
168851,112222,110001,,23007,1994-03-10,0TT,2C0,2CC,00,00,CC
163372,112562,111121,,8864,1995-08-18,2TT,2C0,0CC,TT,00,00
112542,39082,32061,8271,9840,1971-05-18,2CT,2CT,1CC,CT,00,00
162801,105732,111401,,3012,2001-06-19,2TC,2T0,2CC,TC,00,CC
33532,9122,8411,,8309,1931-03-27,0TC,200,2CC,00,00,CC
108581,33412,36091,8328,8316,1961-04-01,0TT,20T,2CC,00,00,CC
160661,106692,106441,,7949,1986-08-04,2CC,20T,2CC,CC,00,CC
20262,1682,8491,8904,8305,1931-06-28,0TT,2TT,2CC,00,TT,CC
154382,29542,106461,,7946,1981-09-09,2CC,200,2CA,CC,00,CA
164752,105242,110871,,8872,2001-11-05,2TC,2TC,2AA,TC,00,AA
121602,26632,30571,,8445,1979-10-09,2TC,2TC,2CA,TC,00,CA
107672,33412,36091,8658,8316,1970-04-16,0TT,20T,2CC,00,00,CC
33991,5652,4591,8340,8313,1952-05-21,2TC,2TT,2AA,TC,TT,AA
29802,1892,6001,8953,9109,1950-03-31,2TT,2T0,2AC,TT,00,AC
30532,842,8021,8150,19003,1955-09-11,0TC,200,2CC,00,00,CC
158961,108082,108781,3709,8459,1985-06-11,2TT,20T,2CC,TT,TT,CC
153892,112302,36151,,8344,1981-09-30,0TT,20T,2CC,00,00,CC
108452,28312,23801,3003,8529,1961-09-13,2CC,2T0,1AC,CC,00,00
161622,25722,111351,,8957,1991-12-09,0TC,2CT,2CC,00,00,CC
108451,4782,4471,8348,8302,1969-08-16,2CT,20C,2CC,CT,00,CC
162931,112572,108801,,8471,2002-01-12,2TC,2CT,0AC,TC,00,00
109982,21612,28651,3701,8822,1975-12-03,2CC,200,2CC,CC,00,CC
5501,10022,10121,8808,8801,1922-04-25,0CC,20T,0CC,00,00,00
106932,5482,27211,3702,8121,1973-07-03,2CT,100,2CC,CT,00,CC
159761,25882,32211,,9147,1987-10-31,0TC,200,0AA,00,00,00
110802,105092,111261,8972,8954,1976-09-01,2CC,2TC,2CA,CC,00,CA
111041,26112,28531,8874,8852,1969-10-29,2TC,2TC,2AA,TC,00,AA
111821,39072,97181,8974,8951,1976-05-07,2TT,200,2CA,TT,00,CA
126251,21442,24121,,1746,1979-03-08,2CC,200,0CC,CC,00,00
110792,29802,111321,21614,8953,1977-12-28,0TC,2TT,2CC,00,00,CC
111311,20262,22811,8970,8904,1969-10-03,2CT,2TT,2CC,CT,TT,CC
108181,4972,30441,3606,8241,1970-09-27,2TC,2CT,2CC,TC,00,CC
160472,111512,23961,,9652,1988-12-08,0TC,2CC,2CC,00,00,CC
160471,106052,106371,,7950,1992-04-10,2CC,2CT,2CC,CC,00,CC
109671,4392,3391,23001,8609,1968-04-10,2CC,2CT,2AC,CC,00,AC
108211,4972,30441,3612,8241,1974-09-07,2TC,2TT,2CC,TC,TT,CC
161132,115712,108611,,8462,1990-01-11,2TT,2TC,2CC,TT,00,CC
26632,5452,5241,8445,9008,1948-04-12,2CC,2C0,2AC,CC,00,AC
5611,5732,5601,8950,8905,1950-01-30,2CT,20C,2CC,CT,00,CC
107062,29942,27191,7961,8124,1976-02-02,2CC,200,2CA,CC,00,CA
111951,26322,29051,22203,9010,1974-04-08,2CC,200,0AC,CC,00,00
28731,2882,10061,8860,8809,1953-03-26,0TT,20T,0AA,00,00,00
156751,111262,28681,8876,8846,1983-06-30,2TT,20C,0CC,TT,00,00
114051,4512,5841,9871,9843,1970-04-05,2TC,2T0,0AC,TC,00,00
158381,112312,108561,,8323,1987-09-11,0CC,2CT,2CA,00,00,CA
109072,24012,23991,8967,8621,1972-01-25,2TC,2TC,2AC,TC,00,AC
111551,24872,22661,3001,8940,1957-11-02,0TC,20T,0CC,00,00,00
159391,107902,111281,,8959,1991-04-20,0TC,2T0,2CA,00,00,CA
158142,115592,112531,,9862,1984-10-31,2CT,20T,2CC,CT,00,CC
110971,21462,28701,8869,8850,1966-12-01,2TC,2TT,2AC,TC,00,AC
160501,106592,108721,,8460,1994-12-29,2TC,2TT,2AA,TC,00,AA
110152,26112,28531,8861,8852,1964-08-31,0CC,2TC,2AC,00,00,AC
28641,4322,5491,8853,8807,1942-07-23,2CT,20C,2CC,CT,00,CC
106591,25312,3771,7959,7942,1976-10-11,2TC,2TT,2CC,TC,TT,CC
25042,2172,4971,7944,8518,1952-06-05,0TC,10C,0AC,00,00,00
157331,112362,33961,,8324,1986-07-19,2CC,20T,2CC,CC,00,CC
159081,21322,30871,,8450,1985-09-02,0TT,2CC,2CA,00,00,CA
110372,5662,5621,,8908,1956-02-12,2CC,200,2CC,CC,00,CC
163972,104962,106401,,7951,1999-10-13,2TC,2TT,2CC,TC,TT,CC
31971,5932,6101,9154,9102,1948-04-24,1TT,1TC,1CC,00,00,00
4751,132,9241,8411,8410,1922-03-11,2TT,2TT,2CC,TT,00,CC
23862,1712,3691,7769,7819,1948-04-26,0TC,2TT,2CC,00,TT,CC
39012,9972,3521,,8912,1942-04-16,2CC,2C0,2CA,CC,00,CA
120702,4582,5701,8461,17301,1964-02-24,2TT,2CC,2AC,TT,00,AC
161831,115022,111691,,3015,1999-11-01,2CT,200,2CC,CT,00,CC
161832,111342,111361,,3002,1993-06-21,2TC,2CT,2CC,TC,00,CC
4631,9092,1251,8402,8401,1923-03-01,2TT,1TT,2CC,TT,00,CC
154452,106692,106441,8289,7949,1983-04-29,2CC,200,2CC,CC,00,CC
158361,4662,34021,,8321,1988-07-01,2TC,2TC,2AC,TC,00,AC
105022,3342,3431,8262,7709,1959-04-17,2TC,20C,2AA,TC,00,AA
124111,26312,23951,,9647,1984-01-22,2CC,2CC,2AC,CC,00,AC
165242,112742,106561,,7956,2001-09-14,2TC,2C0,2CC,TC,00,CC
161902,108862,111331,,3008,1993-02-06,2CC,20C,2CC,CC,00,CC
173562,107432,108811,,8466,2002-07-26,2CT,2C0,2AC,CT,00,AC
26351,6662,3621,7853,7809,1955-03-02,1CC,1T0,2CC,00,00,CC
128631,31042,34001,,8343,1979-09-21,2TT,2TT,2CA,TT,TT,CA
4521,5692,4511,8342,8306,1955-01-30,2TC,20T,2CA,TC,00,CA
105731,23372,26091,7732,7770,1974-12-25,0TC,2C0,0AC,00,00,00
105732,23562,26651,3012,7843,1970-09-04,2CT,20C,2CC,CT,00,CC
26042,2912,5501,,8808,1956-06-13,2CC,200,0AC,CC,TT,00
153822,112312,108561,,8323,1983-09-11,0CC,2TT,2CA,00,TT,CA
98281,3322,5471,8849,8804,1939-12-10,0TC,100,2AA,00,00,AA
6742,6632,1061,8304,15408,1933-04-16,0CC,200,2CC,00,00,CC
3531,9732,9731,8813,7721,1916-07-25,2CT,2CT,2AC,CT,00,AC
168992,106352,109711,,9658,1998-03-01,2CT,2CT,2CC,CT,00,CC
21702,7772,3371,9864,17304,1958-12-24,2TT,2CC,0CC,TT,00,00
21252,5262,9971,,8021,1921-01-26,0TC,200,2CC,00,00,CC
121161,26632,30571,8474,8445,1978-03-04,2CC,2T0,2CA,CC,TT,CA
163742,106592,108721,,8460,1997-10-10,2TC,200,2CA,TC,00,CA
26022,4322,5491,9653,8807,1959-05-03,0CC,20C,2CC,00,00,CC
106391,8072,3741,7947,7905,1955-08-09,2CT,2TT,2CC,CT,TT,CC
163182,106152,108321,,8272,1996-11-26,2TT,2CC,2CC,TT,00,CC
162692,25822,106391,,7947,1993-06-24,2CC,2T0,2CC,CC,00,CC
162161,107102,110021,,23002,1991-11-29,2TC,2TC,2AA,TC,00,AA
160181,109942,110981,,8865,1995-02-10,2TC,200,2CC,TC,00,CC
112682,29652,32081,9869,9851,1971-11-09,2TT,2T0,2AC,TT,TT,AC
161452,110062,111071,,22430,1991-09-01,2TT,20T,2CA,TT,00,CA
122012,29362,4441,3704,8248,1980-09-18,2TC,20C,0CC,TC,00,00
24172,7672,3911,1920,8009,1957-09-16,0TC,200,2CC,00,00,CC
106641,4032,96861,7957,7945,1969-03-01,2CT,20C,2CC,CT,00,CC
106642,25332,27151,8869,8106,1970-10-14,1CC,1TT,1CC,00,00,00
30431,1302,4281,8240,8202,1942-06-29,2CC,2CT,2CC,CC,00,CC
157121,26302,28101,,9648,1986-04-13,2CC,2CC,2CC,CC,00,CC
122492,111482,28561,8478,8847,1980-01-13,0TT,2C0,2CC,00,00,CC
167312,30722,29071,1814,9042,1982-07-05,2TC,20T,2CC,TC,TT,CC
167311,111092,109671,,23001,2000-04-14,2CT,2T0,2CA,CT,00,CA
163362,110432,111101,,8863,1997-04-13,0TC,2C0,2CC,00,00,CC
168841,112222,110001,,23007,1992-11-24,2CC,2T0,2AC,CC,00,AC
108022,26612,30551,3603,8447,1967-12-25,2TC,2T0,2CC,TC,TT,CC
108021,5902,4421,8266,8215,1962-08-09,0TC,200,1CA,00,TT,00
108841,26612,30551,8461,8447,1964-05-06,2CC,2C0,2CC,CC,00,CC
983042,104962,106401,,7951,1983-04-02,2TC,2TT,2CC,TC,TT,CC
20272,3452,5201,8906,8909,1932-09-19,2TT,2TC,2CC,TT,00,CC
106702,4402,7781,23105,8108,1963-12-22,2CT,2TT,0CC,CT,TT,00
160691,122462,122201,,7952,1995-06-02,2TT,2T0,2CC,TT,TT,CC
121612,29332,30661,,8448,1967-06-27,2TC,20T,2CC,TC,00,CC
159881,107762,111291,,8964,1992-12-07,2CC,2T0,2CC,CC,TT,CC
112112,21672,27721,8279,9544,1976-03-25,1TT,10C,0CC,00,00,00
157721,25042,106351,,7944,1987-01-10,2CC,2C0,0CC,CC,00,00
30761,132,9241,8449,8410,1939-01-03,2TT,2CT,2CC,TT,00,CC
170552,112222,110001,,23007,2003-04-22,2TC,2T0,2CC,TC,00,CC
169002,107302,109701,,9655,1994-10-08,0CC,2CC,2CC,00,00,CC
111141,38582,28541,8870,8855,1974-12-03,0TC,2TT,0CC,00,00,00
161632,109792,111631,,8961,1992-03-02,2TT,200,2CA,TT,00,CA
108441,4782,4471,8333,8302,1966-07-31,0TC,20C,2AC,00,00,AC
162472,108382,4691,,8458,1994-08-27,2CT,2CC,0AA,CT,00,00
162901,109062,108041,,8273,2001-09-07,2CC,2CT,0CC,CC,00,00
162902,111092,109671,,23001,1996-06-17,0CC,2T0,2AA,00,00,AA
24382,9182,3981,,8020,1956-04-20,0CC,1CC,0AC,00,00,00
111811,39072,97181,8972,8951,1974-07-04,2TC,2CT,2CC,TC,00,CC
107111,4452,7731,8156,8103,1962-01-09,2CC,200,0CC,CC,00,00
159771,121242,107441,,1948,1987-06-15,0CC,2C0,0CC,00,00,00
106411,8072,3741,7954,7905,1963-09-12,2TT,2CT,2CC,TT,00,CC
110811,39002,5581,22445,8821,1968-08-23,2TC,20T,2CC,TC,00,CC
157831,106352,109711,,9658,1987-04-11,2CC,2CT,2AC,CC,00,AC
30611,4372,4631,8452,8402,1959-02-20,2TC,2TC,2CC,TC,00,CC
25892,3332,5471,8860,8805,1956-04-13,2CT,2TC,2AA,CT,00,AA
28342,4052,4671,1946,8407,1958-03-09,2TT,200,0CC,TT,00,00
31741,4262,4361,8254,8210,1954-03-20,0TC,200,0AC,00,00,00
110782,29802,111321,,8953,1976-10-19,0TC,2T0,2CC,00,00,CC
109642,24092,5331,1809,8742,1975-08-24,2CC,200,2CC,CC,00,CC
129942,25852,98061,3613,2004,1980-02-02,0TC,2TC,0CC,00,00,00
163982,25822,106391,,7947,1989-04-13,2TC,2T0,2CC,TC,00,CC
111361,5732,5601,3002,8905,1959-05-09,0TC,2TC,2CC,00,00,CC
160462,26302,28101,,9648,1988-06-27,2CC,2CC,2CC,CC,00,CC
109881,9992,5161,9667,8616,1968-06-20,2TC,2CC,2AC,TC,00,AC
159411,107652,111441,,8962,1990-02-22,0TC,20C,2AC,00,00,AC
28232,9092,1251,8941,8401,1936-03-11,1TT,2TC,2CC,00,00,CC
123052,26182,32291,7960,9846,1976-11-18,0TC,20T,0CC,00,00,00
161122,120702,108841,,8461,1988-07-23,2CT,20C,2CA,CT,00,CA
108201,4972,30441,3611,8241,1973-06-28,2TT,2T0,2CC,TT,00,CC
156741,111262,28681,8878,8846,1980-12-21,2TT,20C,0CC,TT,00,00
111781,39062,98301,8975,8949,1973-10-07,2TC,20T,2CC,TC,00,CC
111782,3892,26501,7726,9240,1964-04-16,0TC,20T,0CC,00,00,00
108591,33412,36091,8330,8316,1966-06-14,0TC,20T,2CC,00,00,CC
157341,26102,111511,,8956,1982-03-13,0TT,200,2AA,00,00,AA
110562,26272,97301,8970,8946,1975-08-29,2TT,2C0,2AC,TT,00,AC
111761,25982,97161,3019,8947,1978-01-21,2TC,2C0,2CA,TC,00,CA
36131,4652,4561,8345,8310,1956-10-02,0TC,2T0,2CA,00,00,CA
109082,24012,23991,,8621,1974-03-12,0CC,2CT,0CC,00,00,00
23702,5612,3641,7844,7813,1954-06-26,1CT,1TC,2CA,00,00,CA
110961,21462,28701,,8850,1963-12-27,0TC,2TT,2AC,00,00,AC
170582,125272,110031,,23009,1998-05-08,2CC,2CT,2CA,CC,00,CA
160511,120702,108841,,8461,1992-10-21,2CT,2CC,2CC,CT,00,CC
110142,26112,28531,8327,8852,1963-10-18,0CC,2C0,2AC,00,00,AC
28651,4322,5491,8822,8807,1944-02-18,2CC,20C,2AC,CC,00,AC
100802,4462,27241,3703,1941,1973-08-11,2CT,10T,2CC,CT,00,CC
163962,104962,106401,,7951,1997-09-16,2TC,2TT,2CC,TC,TT,CC
4742,4772,4571,,8311,1947-12-27,2CT,20T,0AC,CT,00,00
162102,100172,111581,,3004,1994-05-12,0TC,2TT,2CC,00,00,CC
161331,111512,23961,,9652,1997-05-29,2CT,2CC,2AC,CT,00,AC
9972,9232,10111,8912,40013,1907-11-04,2TC,2TC,2CA,TC,00,CA
165322,107902,111281,,8959,1996-12-10,0TC,2TT,2CC,00,TT,CC
155511,33382,34011,,8320,1984-06-17,0TT,2T0,2CC,00,00,CC
38992,9972,3521,8943,8912,1938-06-19,2TC,2C0,0CC,TC,00,00
25382,5402,5111,9654,8607,1959-04-26,2CT,1CC,2AA,CT,00,AA
158351,110162,111641,,8963,1988-07-02,2TT,20C,2CC,TT,00,CC
162222,23482,28571,,8858,1994-08-17,2CC,2T0,2CC,CC,00,CC
105032,3342,3431,7727,7709,1962-04-19,2TC,200,2AA,TC,00,AA
159341,115822,111571,,3009,1991-07-07,2TC,200,0AC,TC,00,00
120152,3792,23631,3017,9246,1980-05-06,2CT,200,1CC,CT,00,00
161931,107032,108941,,8465,1997-12-04,0TT,2CC,2CC,00,00,CC
161932,110592,111601,,3013,1994-01-24,2CT,2TC,2CC,CT,00,CC
121851,29382,31741,8292,8254,1980-04-13,2CT,20C,2CA,CT,00,CA
161471,111752,110841,,22437,1997-05-29,2CT,200,2CC,CT,00,CC
154332,25312,3771,,7942,1982-12-31,2CC,2TT,2CC,CC,TT,CC
106092,7822,3791,,7908,1971-05-04,2CT,20T,2CC,CT,00,CC
106252,4032,96861,,7945,1960-12-29,2CT,2TC,2CC,CT,00,CC
160021,107312,109601,,9661,1994-01-05,2CC,2C0,2CA,CC,00,CA
25092,3122,4991,1040,8519,1950-02-02,0TC,2TC,0AC,00,00,00
105721,23372,26091,7779,7770,1972-06-22,0TC,200,0AC,00,00,00
167071,110892,112311,9165,9152,1986-09-04,2CT,20C,2CC,CT,00,CC
4511,1682,8491,8306,8305,1934-01-29,0TT,20C,2CC,00,00,CC
161801,108862,111331,,3008,1999-12-27,2TC,20T,2CC,TC,00,CC
26052,2912,5501,,8808,1958-10-30,0TC,2TT,2CC,00,00,CC
162351,120522,110821,,22439,2001-01-17,2CC,20T,2AC,CC,00,AC
162352,107792,107991,,8269,1994-08-02,0TC,200,2AC,00,00,AC
5281,9752,9651,8704,8701,1923-02-13,0CC,200,2CC,00,00,CC
168052,107032,108941,,8465,2001-08-14,0TT,2TC,2CC,00,00,CC
22821,3512,8571,8906,8901,1930-03-26,2CC,2TT,2AC,CC,00,AC
162682,38642,96871,,7940,1986-05-26,2TT,20C,2CC,TT,00,CC
162681,100082,110951,,22438,2001-04-20,2TT,200,2AA,TT,00,AA
121282,39662,4271,7732,1947,1978-06-19,0TC,100,0CC,00,00,00
161641,110062,111071,,22430,1997-11-09,0CC,2CT,2CA,00,00,CA
163772,107432,108811,,8466,1999-08-19,2CC,2C0,2AC,CC,00,AC
162172,112562,111121,,8864,1994-01-12,2TC,2C0,0CC,TC,00,00
160191,109972,110711,,22433,1994-03-24,2TC,20T,2AC,TC,00,AC
125272,70052,31611,23009,9440,1967-06-09,2CC,2TC,2CA,CC,00,CA
163792,107482,108861,,8470,2000-02-05,2CT,2TT,2CC,CT,00,CC
107712,26152,36061,17139,8341,1972-04-14,2TT,20C,2CC,TT,00,CC
164682,110432,111101,,8863,2001-08-19,0TC,2CT,2CC,00,00,CC
121752,29782,32001,9161,9145,1980-05-17,2CT,200,2CC,CT,00,CC
29352,1302,4281,8244,8202,1945-10-04,2TC,2CT,2AC,TC,00,AC
122002,26282,30451,8282,8242,1977-09-08,2CC,20C,2CC,CC,00,CC
28482,6012,4771,8455,8412,1957-07-11,2TC,2TC,0CC,TC,00,00
33031,9372,8171,19041,19005,1946-01-23,0TC,200,1CC,00,00,00
157131,107302,109701,,9655,1986-11-19,2CT,2CT,2CA,CT,00,CA
167902,106592,108721,,8460,2002-01-14,2TC,20T,2AC,TC,00,AC
167301,111092,109671,,23001,1998-02-17,0CC,2C0,2CA,00,00,CA
36101,9122,8411,,8309,1935-03-14,0TC,200,2CA,00,00,CA
168831,100582,109681,,23004,2001-12-12,2CC,2C0,2CC,CC,00,CC
108901,29332,30661,,8448,1973-04-04,2TC,20T,2CC,TC,00,CC
108902,4792,5151,7778,8615,1965-05-20,2TC,200,2CA,TC,00,CA
108052,29332,30661,,8448,1962-01-21,2TC,20T,2CC,TC,00,CC
163421,110442,33051,4802,19044,1981-02-13,2CT,200,1CC,CT,00,00
98241,5902,4421,8251,8215,1951-10-19,2CT,200,2AC,CT,TT,AC
26831,7672,3911,17402,8009,1952-08-08,0CC,1T0,0CC,00,00,00
3332,8452,9861,8805,7707,1923-02-18,1CT,2CC,2AA,00,00,AA
160681,112722,106491,,7955,1994-03-01,2CC,2T0,2CC,CC,TT,CC
28531,3322,5471,8852,8804,1942-11-05,0TC,2TC,2AA,00,00,AA
20282,132,9241,1446,8410,1937-03-12,2TT,2TT,2CC,TT,00,CC
121622,38802,30761,,8449,1979-08-18,2TT,2C0,2CC,TT,00,CC
29752,1952,5981,9144,9107,1952-02-18,2CC,2C0,2CC,CC,00,CC
106481,7822,3791,,7908,1964-12-14,2CT,20T,2CC,CT,00,CC
157221,29382,31741,8290,8254,1981-12-28,2CT,20C,2CA,CT,00,CA
106952,29572,27221,7953,8122,1964-09-06,2CC,200,2CA,CC,00,CA
169012,107302,109701,,9655,1996-04-12,2CT,2CT,2CC,CT,00,CC
111151,25482,24111,8867,8856,1975-06-04,2CT,2C0,2AC,CT,00,AC
106622,25332,27151,8145,8106,1960-11-16,1CC,2TT,0CC,00,00,00
108472,28312,23801,3007,8529,1965-04-17,2CC,10T,2CC,CC,00,CC
159741,109962,111391,,3011,1993-11-26,2CT,2CT,2CC,CT,00,CC
106401,8072,3741,7951,7905,1960-04-12,2TT,2TT,2CC,TT,TT,CC
111561,28242,97101,3003,8942,1960-08-23,2CT,20T,2CC,CT,TT,CC
111801,39072,97181,8973,8951,1972-08-21,2TC,200,2CC,TC,00,CC
107102,4612,4311,23002,8203,1960-07-12,2CC,2CC,0AC,CC,00,00
30601,4372,4631,8456,8402,1955-08-14,2TC,2TC,2CC,TC,00,CC
157821,115592,112531,,9862,1987-04-25,2CT,2TT,2AC,CT,00,AC
157351,29652,32081,9872,9851,1974-06-06,2TC,200,2AC,TC,00,AC
111371,5732,5601,3006,8905,1964-03-18,0TC,2T0,2CC,00,00,CC
163342,25892,28731,,8860,1997-11-24,2TC,20T,2AA,TC,00,AA
110772,29802,111321,7733,8953,1975-05-23,0TC,20T,2CA,00,00,CA
28242,9092,1251,8942,8401,1940-03-04,2TT,1TT,2CC,TT,00,CC
153872,26152,36061,,8341,1982-12-16,2TT,200,0CC,TT,00,00
28711,2882,10061,,8809,1944-04-01,2CT,2T0,2CC,CT,00,CC
161152,110342,30601,22216,8456,1983-08-04,2CT,2C0,2CA,CT,00,CA
107042,29942,27191,9667,8124,1971-04-29,0CC,200,2CC,00,00,CC
26612,5452,5241,8447,9008,1942-04-24,2CC,200,2CC,CC,00,CC
106882,29702,27161,8276,8120,1964-05-15,0TC,200,0AC,00,00,00
28082,5882,4291,8246,8205,1949-06-06,2CC,2T0,2CC,CC,00,CC
111791,39062,98301,8977,8949,1978-05-23,2CT,20T,2CC,CT,00,CC
111571,28242,97101,3009,8942,1962-01-25,2CT,20T,2CC,CT,00,CC
23482,362,3551,8858,7803,1956-01-16,2CC,20C,2CC,CC,00,CC
154292,106052,106371,,7950,1983-10-16,2TC,2CT,2CC,TC,00,CC
111771,25872,97171,8971,8948,1974-04-18,0CC,200,2CA,00,00,CA
158521,25822,106391,,7947,1987-06-17,2TC,2T0,2CC,TC,00,CC
159571,110672,110941,,22435,1993-09-19,0TC,20T,2AC,00,00,AC
110682,39062,98301,22436,8949,1972-02-06,2CT,20T,2CA,CT,00,CA
109092,24012,23991,8330,8621,1960-12-05,2TC,2TT,0CC,TC,00,00
108301,29352,31711,8284,8244,1971-08-11,2TC,2TC,2CC,TC,00,CC
160521,160612,30711,,8464,1994-01-23,2TT,20C,2CC,TT,00,CC
160522,122462,122201,,7952,1988-08-16,0TC,2T0,2CC,00,TT,CC
109252,28152,27881,3604,8626,1971-02-20,1CC,1CT,0CC,00,00,00
110991,21462,28701,,8850,1973-04-26,0TC,2T0,2AA,00,TT,AA
28661,4322,5491,,8807,1945-07-11,2CC,20C,2CC,CC,00,CC
111482,6052,6011,8847,9117,1954-02-17,0TC,10C,2AC,00,00,AC
160852,107312,109601,,9661,1990-03-12,2CC,2C0,2CA,CC,00,CA
110172,70022,28641,9870,8853,1968-08-01,2CT,20C,2CC,CT,00,CC
158292,26302,28101,,9648,1984-12-12,2CC,2TC,2CC,CC,00,CC
4772,3422,9551,8311,8312,1924-01-01,2TT,2CT,0AC,TT,00,00
31951,6152,5971,9121,9101,1939-02-03,1CC,20T,1AC,00,00,00
4771,132,9241,8412,8410,1933-04-13,2TT,2TT,2CC,TT,TT,CC
26282,4312,5381,8242,8815,1948-10-25,2CT,2C0,2CC,CT,00,CC
163952,123052,106651,,7960,2000-04-06,0TC,2TT,2CC,00,TT,CC
153932,30592,5691,7782,9041,1984-12-15,1CC,100,0CC,00,00,00
173112,105942,31881,,9447,1985-03-14,2CC,2TT,0CC,CC,TT,00
97111,5662,5621,8952,8908,1951-05-22,2CC,20T,2CC,CC,00,CC
100582,21292,25961,23004,1542,1974-07-07,1CT,2CT,1CA,00,00,00
170482,125302,124091,,23005,2003-08-21,2CC,2CT,2AC,CC,00,AC
39032,9972,3521,,8912,1950-02-17,2TC,2CT,2CC,TC,00,CC
28561,3332,5471,8847,8805,1952-05-22,2CT,2TC,2CA,CT,00,CA
106182,38642,96871,23102,7940,1977-01-06,2TT,20C,2CC,TT,00,CC
120501,21282,3321,1514,1541,1980-08-20,0TC,1TC,0AC,00,00,00
110222,25482,24111,,8856,1978-01-07,2TT,2C0,0AC,TT,00,00
4612,9762,8991,8203,8213,1939-09-05,2CT,2CC,0AC,CT,00,00
161922,110592,111601,,3013,1992-11-23,2CT,20C,2AC,CT,00,AC
161921,115712,108611,,8462,1999-01-19,2TC,2TC,2CC,TC,00,CC
26801,4572,3881,1801,8007,1953-01-11,0CC,2CC,2CC,00,00,CC
159191,106952,106621,,7953,1991-04-24,2TC,2T0,2CA,TC,00,CA
158341,107652,111441,,8962,1988-09-05,0TC,20C,2AC,00,00,AC
124131,26302,28101,23010,9648,1980-01-01,2CC,2CC,0CC,CC,00,00
159351,108082,108781,,8459,1991-01-07,2TT,20C,2CC,TT,00,CC
98731,9372,8171,19007,19005,1936-05-08,0CC,100,2CC,00,00,CC
154322,38642,96871,23103,7940,1982-02-19,2TT,20T,2CC,TT,00,CC
106082,7822,3791,21307,7908,1969-01-05,2CC,20T,2CC,CC,00,CC
121561,29772,30431,3601,8240,1977-10-27,2CT,2T0,2CC,CT,00,CC
7822,8542,6231,7908,17201,1930-04-16,1CT,2TT,2CC,00,TT,CC
26062,2882,10061,,8809,1947-02-03,0TT,20T,2CC,00,00,CC
161812,21732,28611,,1709,1983-02-20,0CC,2T0,0CC,00,00,00
162361,110232,111111,,8866,2001-01-09,2TT,2T0,2CC,TT,00,CC
160211,110162,111641,,8963,1994-05-25,2CC,20C,0CC,CC,00,00
105571,24522,26141,7733,7717,1975-07-29,0CC,20C,2CC,00,00,CC
107442,26282,30451,8278,8242,1976-03-28,2CC,20C,2CC,CC,00,CC
21272,3282,4101,19043,8023,1951-02-28,0CC,200,2CC,00,00,CC
108082,38802,30761,8459,8449,1962-05-14,2TT,2TC,2CC,TT,00,CC
157031,107302,109701,,9655,1985-06-16,0CC,2CC,2CA,00,00,CA
162142,127342,110281,,8762,1989-02-28,0CC,200,2CC,00,TT,CC
163762,160612,30711,,8464,1997-11-04,2TC,2CT,2CC,TC,00,CC
121292,39662,4271,7963,1947,1979-08-02,2CT,100,0CA,CT,00,00
3791,2032,9931,7908,7907,1930-09-18,2TC,2TC,2CC,TC,00,CC
155981,111502,28821,4003,8859,1984-06-27,2CT,20C,2CC,CT,00,CC
105402,5802,3591,8326,7806,1962-10-27,1TC,200,2CC,00,00,CC
163782,112512,108711,,8469,1997-04-17,2TC,2T0,2AC,TC,TT,AC
122582,26102,111511,,8956,1979-12-13,2TT,200,0AA,TT,00,00
122032,106762,31781,8285,8249,1979-12-25,2TT,100,2AC,TT,00,AC
116012,25742,26991,17412,17444,1962-06-28,2CC,100,0CC,CC,00,00
24111,4342,3531,8856,8813,1943-09-19,2TC,20C,0AC,TC,00,00
168042,100182,108761,,8463,2002-03-13,0TC,2C0,2CC,00,00,CC
108911,29332,30661,8478,8448,1975-05-16,2TC,20T,2CA,TC,00,CA
163302,107652,111441,,8962,1998-09-28,2TC,200,2AC,TC,00,AC
108041,95852,98611,8273,8216,1965-01-21,2CC,2CT,2CC,CC,00,CC
108042,26612,30551,3609,8447,1974-12-27,2TC,2T0,2CC,TC,00,CC
5491,10022,10121,8807,8801,1920-01-28,0CC,2TC,2AC,00,00,AC
5492,5602,5311,1805,8707,1952-10-09,2CT,200,0AA,CT,TT,00
121632,21322,30871,3614,8450,1979-08-31,0TC,2CC,2CA,00,00,CA
112712,29632,32261,9878,9852,1975-05-07,2CC,2TC,2CC,CC,00,CC
111161,25482,24111,,8856,1976-12-27,2CT,2C0,0AC,CT,00,00
159752,105002,107091,8979,8148,1983-07-19,2CC,20C,2CA,CC,00,CA
159751,105732,111401,,3012,1994-02-14,2CC,2T0,2CC,CC,00,CC
28412,132,9241,8849,8410,1944-11-25,0TT,20T,2CC,00,00,CC
108461,2592,4481,8327,8303,1959-08-24,2CC,20C,2CA,CC,00,CA
122211,7822,3791,,7908,1955-12-18,2CT,20T,2CC,CT,00,CC
107132,70112,98591,23008,8204,1961-05-15,0TC,20T,2CC,00,00,CC
115592,3862,5671,9862,17306,1964-12-07,1CT,2TT,2CC,00,00,CC
160141,107022,110271,,8761,1988-12-27,2CC,20C,2CA,CC,00,CA
29382,1302,4281,8254,8202,1951-11-26,2TC,2CT,2AC,TC,00,AC
108861,26612,30551,8470,8447,1973-02-05,2CC,2T0,2CC,CC,00,CC
164302,110562,111311,,8970,2000-02-28,2CT,2T0,2CA,CT,TT,CA
111011,26112,28531,,8852,1962-07-12,0CC,2T0,2AA,00,00,AA
162722,33382,34011,,8320,1987-09-15,0TC,2T0,2CC,00,00,CC
28382,132,9241,8530,8410,1935-07-08,2TT,1T0,2CC,TT,00,CC
110762,30582,97111,,8952,1978-05-14,2CC,2TT,2CC,CC,00,CC
107052,29942,27191,9668,8124,1972-07-26,2CC,2CC,2CA,CC,00,CA
160442,127672,36131,,8345,1988-11-24,0TC,20T,2AC,00,00,AC
4342,8152,9841,8813,8109,1912-05-30,2CC,2CC,0CC,CC,00,00
2882,9542,9621,8809,7401,1916-12-12,0TT,20T,0AC,00,TT,00
28701,2882,10061,8850,8809,1940-11-19,0TT,20T,2AC,00,00,AC
156761,111482,28561,,8847,1982-08-09,0TT,2C0,2CA,00,00,CA
161142,100182,108761,,8463,1989-09-26,2TT,2CT,2CC,TT,00,CC
25982,4322,5491,8947,8807,1948-08-22,0TC,20C,2AC,00,00,AC
109792,3332,5471,8961,8805,1962-04-21,2TT,20C,0AA,TT,00,00
29652,4022,5781,9851,9104,1950-02-06,2TC,20T,1CC,TC,TT,00
158111,127672,36131,,8345,1987-05-11,2TT,2T0,2AC,TT,00,AC
111581,28242,97101,3004,8942,1963-11-06,2CT,20T,2AC,CT,TT,AC
160532,106052,106371,3709,7950,1988-05-26,2CC,2TT,2CC,CC,TT,CC
160531,108082,108781,,8459,1992-09-25,2TT,2TC,2CC,TT,00,CC
110692,39062,98301,7735,8949,1975-04-02,2TC,2CT,2CA,TC,00,CA
32861,4822,4301,19043,19001,1953-05-22,2CT,200,2CC,CT,TT,CC
160841,110152,28671,,8861,1996-04-11,2TC,2CT,2CC,TC,00,CC
109222,28152,27881,8156,8626,1967-07-01,0CC,20C,2CA,00,00,CA
110981,21462,28701,8865,8850,1969-10-02,2TC,2T0,2CC,TC,TT,CC
5712,3442,5191,8704,8907,1927-06-14,2CC,200,2CC,CC,00,CC
24582,3562,4191,7723,8116,1951-10-18,0TC,2C0,0CC,00,00,00
111342,1892,6001,3002,9109,1962-11-22,2TC,2TC,2CC,TC,00,CC
110162,26112,28531,8963,8852,1966-03-11,2TC,2CC,2AC,TC,00,AC
28671,4322,5491,8861,8807,1957-06-30,0TC,20C,2AC,00,00,AC
110342,20272,22821,8456,8906,1956-08-14,2CT,2T0,2AC,CT,00,AC
110432,5662,5621,8863,8908,1967-05-23,2CT,20T,2CC,CT,00,CC
28871,2872,5431,9014,9001,1941-04-29,0TC,100,0AC,00,00,00
158022,25882,32211,,9147,1982-08-06,0TC,2TC,0AC,00,00,00
97101,3442,5191,8942,8907,1940-10-10,2CC,200,2CA,CC,00,CA
26452,5872,5251,1043,9005,1942-04-29,2CT,20T,2CA,CT,00,CA
163942,123052,106651,,7960,1998-08-10,2CC,2CT,2CC,CC,00,CC
153902,127672,36131,,8345,1981-07-14,0CC,20T,2AC,00,00,AC
159211,122462,122201,,7952,1991-03-10,0TC,2T0,2CC,00,TT,CC
107902,4202,4731,8959,8409,1963-05-03,0CC,20T,2CA,00,00,CA
124091,26312,23951,23005,9647,1977-06-30,2CC,2CC,2AC,CC,00,AC
155531,107642,36011,,8322,1981-08-18,0CC,20T,2CC,00,00,CC
110232,6072,28811,8866,8857,1974-10-06,2TC,20C,2CC,TC,00,CC
161951,112612,121191,,8467,1997-06-24,2TT,200,2CC,TT,00,CC
162202,110652,111661,,8966,1995-09-04,2CT,200,2CA,CT,00,CA
158331,109792,111631,,8961,1988-10-12,2TT,2C0,0AC,TT,00,00
159321,26092,111551,,3001,1991-07-18,0TC,20T,0CC,00,00,00
4571,9122,8411,8311,8309,1928-08-24,0TC,200,2CC,00,00,CC
106272,4032,96861,,7945,1967-06-15,2CC,2TC,0CC,CC,00,00
3652,3882,3561,7774,7804,1955-11-20,0CC,100,1CC,00,00,00
105741,23372,26091,7777,7770,1976-08-16,0TC,20C,0CC,00,00,00
26072,2882,10061,,8809,1949-10-03,0TC,20T,2CC,00,00,CC
167251,106352,109711,,9658,1990-08-07,2CT,2CT,2CC,CT,00,CC
26272,4312,5381,8946,8815,1946-01-25,2TT,10C,2CC,TT,00,CC
159031,115712,108611,,8462,1988-09-15,2TT,2TC,2CC,TT,00,CC
166302,111272,24601,9880,1604,1985-04-13,2TT,200,0CC,TT,00,00
160201,107902,111281,,8959,1994-06-11,0CC,2TT,2CC,00,TT,CC
121871,4612,4311,8268,8203,1962-04-15,2CC,2CC,2AA,CC,00,AA
121131,105062,26181,7780,7771,1979-04-10,2TT,2T0,2AA,TT,00,AA
4882,4052,4671,,8407,1956-11-07,2TT,200,2CC,TT,00,CC
105562,5782,98561,8971,7817,1966-07-20,2CT,2CT,0CC,CT,00,00
38802,2032,9931,8449,7907,1942-05-15,2TT,2CC,1CC,TT,00,00
162152,127342,110281,,8762,1993-08-18,2CC,20C,2CC,CC,00,CC
105481,5102,3421,7723,7711,1956-07-31,1TT,200,0AC,00,00,00
4972,4812,8031,8241,8414,1948-10-08,2TC,2T0,2CC,TC,00,CC
122022,106762,31781,,8249,1978-10-01,0TC,200,0AA,00,TT,00
105412,5802,3591,8328,7806,1964-07-20,2CC,2TC,2CC,CC,00,CC
112672,24472,5851,8277,9850,1973-10-26,2CC,2CT,2AC,CC,00,AC
106692,4402,7781,7949,8108,1955-10-24,2CT,2T0,2CC,CT,00,CC
106052,7822,3791,7950,7908,1962-05-07,2CC,20T,2CC,CC,00,CC
21462,5542,9421,8850,8810,1938-11-16,0CC,20T,2AC,00,00,AC
107582,4782,4471,,8302,1968-01-09,2CT,20C,2AA,CT,00,AA
162791,109962,111391,,3011,2001-01-15,2TC,2CT,2CC,TC,00,CC
167321,111092,109671,,23001,2003-04-05,0CC,2T0,2AC,00,00,AC
159691,109932,111371,,3006,1990-06-17,2TC,200,2CC,TC,00,CC
161792,21612,28651,,8822,1991-06-03,2CC,2C0,2CC,CC,00,CC
30171,5842,3851,17141,17110,1943-01-05,1TC,200,1CC,00,00,00
123462,26312,23951,23006,9647,1980-05-17,2CC,2CC,2CC,CC,00,CC
30571,4372,4631,8445,8402,1947-12-23,2TC,2TC,2CC,TC,00,CC
121642,21322,30871,,8450,1981-03-24,0TC,20C,2CC,00,00,CC
26622,5452,5241,9014,9008,1944-05-21,0CC,200,0CC,00,00,00
124121,26302,28101,,9648,1978-09-22,2CC,2TC,2CC,CC,00,CC
112472,38942,111211,8874,9753,1969-08-02,2CT,1T0,0AC,CT,00,00
112702,29632,32261,8968,9852,1973-11-24,2CC,20C,2CC,CC,00,CC
30711,4052,4671,8464,8407,1959-03-28,2TT,20C,2CC,TT,00,CC
106461,2032,9931,7946,7907,1954-01-22,2CT,200,1CC,CT,00,00
156081,105092,111261,8983,8954,1984-01-13,2TC,2TC,2CC,TC,00,CC
31711,4592,4351,8244,8209,1947-05-15,2TC,2CT,2CC,TC,00,CC
108781,4872,8071,8459,8415,1960-11-15,2TT,2T0,2CC,TT,TT,CC
107122,4612,4311,,8203,1972-10-27,2CT,20C,0AC,CT,00,00
107121,25182,27331,1946,8104,1956-06-20,0CC,2TC,0AA,00,00,00
110731,2912,5501,,8808,1962-07-02,2CT,2TT,0AC,CT,00,00
111001,33482,28751,,8851,1975-12-01,2CT,2CT,2CC,CT,00,CC
115052,23652,29981,7954,17117,1969-10-27,0TT,10C,2AC,00,00,AC
108891,29332,30661,8472,8448,1971-10-16,2TC,200,2CC,TC,TT,CC
110751,2912,5501,8862,8808,1967-09-05,2CC,200,2CA,CC,TT,CA
23642,4232,9701,8848,7812,1939-05-29,2TT,2C0,2CC,TT,00,CC
114892,5062,7721,3605,17102,1965-08-28,0TT,1CC,0AA,00,00,00
107022,29942,27191,8761,8124,1966-10-22,2CC,2TC,2CA,CC,00,CA
108251,26282,30451,8285,8242,1974-12-03,2CC,20C,2CC,CC,00,CC
161172,110342,30601,,8456,1988-12-10,2CT,2T0,2CA,CT,00,CA
108521,5692,4511,8331,8306,1967-08-26,2TC,20T,2CC,TC,00,CC
4372,8152,9841,8402,8109,1923-03-25,1CC,1CC,2CC,00,00,CC
5652,3512,8571,8313,8901,1922-06-03,1CC,2TT,2AC,00,TT,AC
108092,38802,30761,8154,8449,1963-11-16,2TT,2TC,2CC,TT,00,CC
25992,4322,5491,,8807,1950-08-13,0TC,20C,2CC,00,00,CC
156151,122402,106451,7964,7948,1982-04-01,2TT,20C,2CC,TT,00,CC
109782,3332,5471,8325,8805,1960-10-27,2TT,20C,2CA,TT,00,CA
111172,30722,29071,3016,9042,1976-04-05,2TC,20T,1CC,TC,TT,00
170622,39492,31871,3705,9443,1984-10-06,0CC,100,0AC,00,00,00
111591,28242,97101,3007,8942,1965-09-13,2CT,20T,2CC,CT,00,CC
160542,107762,111291,,8964,1989-08-29,2CC,2T0,2CC,CC,TT,CC
160541,108082,108781,,8459,1995-04-21,2TT,2TT,2CC,TT,TT,CC
111752,29782,32001,22437,9145,1974-08-04,2TT,2T0,2CC,TT,00,CC
111751,25982,97161,3017,8947,1971-05-31,2TT,2CC,2CC,TT,00,CC
111351,5732,5601,8957,8905,1958-01-10,0TC,20C,2CC,00,00,CC
147322,21272,32861,7966,19043,1977-05-19,2CC,200,2CC,CC,00,CC
127342,4082,96731,8762,9305,1967-06-20,0CC,20C,2CC,00,00,CC
4691,9832,4681,8458,8406,1956-05-06,2CT,2CT,2AC,CT,00,AC
170532,111512,23961,,9652,2000-05-27,2CT,2CT,2AC,CT,00,AC
173132,100202,166371,,1101,1993-06-04,0CC,20T,0CC,00,00,00
114141,29652,32081,,9851,1973-03-26,2TC,200,2CC,TC,00,CC
161301,110802,111811,,8972,1998-04-11,2CC,2TC,2CA,CC,00,CA
158032,21612,28651,,8822,1983-12-27,2CC,200,2CC,CC,00,CC
106491,7822,3791,7955,7908,1967-10-26,2CT,20T,2CC,CT,00,CC
163932,127902,106591,,7959,2000-09-16,2CC,2T0,2CC,CC,00,CC
153912,127672,36131,,8345,1982-09-11,0CC,20T,2AC,00,00,AC
160491,106592,108721,,8460,1992-04-27,2TC,200,2CC,TC,00,CC
160492,111482,28561,,8847,1987-07-27,2TC,2T0,2CA,TC,00,CA
161362,106062,121871,,8268,1990-09-11,2CT,2CT,2AC,CT,00,AC
28111,4392,3391,9654,8609,1953-05-04,0CC,1C0,1CC,00,00,00
110532,5582,97141,,8945,1972-09-06,2CC,20C,0CC,CC,00,00
28112,5892,4411,8245,8214,1950-04-22,2TT,200,2CA,TT,TT,CA
39052,5642,10071,22431,8913,1946-01-20,2TC,2TT,2AC,TC,00,AC
107932,6012,4771,,8412,1962-05-26,0TT,2TC,2CC,00,00,CC
160942,26092,111551,,3001,1989-05-07,0TT,2T0,2CC,00,00,CC
155541,107642,36011,,8322,1984-09-26,0TC,2TT,2CC,00,TT,CC
31841,4062,4431,8267,8218,1956-02-06,0CC,200,2CC,00,00,CC
158322,110142,108461,,8327,1986-03-28,0CC,20C,2AC,00,00,AC
100852,21432,30671,2302,2140,1971-10-17,0CC,200,0AC,00,00,00
159331,115822,111571,,3009,1990-04-29,2TC,20T,0CC,TC,00,00
121342,23862,3401,8974,7769,1980-02-20,2TT,20T,2AC,TT,00,AC
154302,106052,106371,,7950,1985-01-23,2TC,2CT,2CC,TC,00,CC
162092,108452,111561,,3003,1994-12-26,2CC,2TT,2CC,CC,TT,CC
162091,115052,106411,,7954,1999-09-19,2TT,2TC,2CC,TT,00,CC
111071,39092,28801,22430,8854,1965-04-29,2CT,2C0,2CC,CT,00,CC
3642,362,3551,22434,7803,1951-11-17,2CC,200,0CC,CC,00,00
162302,110232,111111,,8866,1995-03-01,2TT,2T0,2CC,TT,00,CC
153862,127702,33991,9687,8340,1981-09-04,0TC,2TC,2AC,00,00,AC
162301,115742,108621,,8468,2001-03-08,2CT,2T0,2CC,CT,00,CC
158251,111502,28821,8880,8859,1987-12-03,2TT,20C,2CC,TT,00,CC
167271,107302,109701,,9655,1992-05-16,2CT,2CC,2CA,CT,00,CA
165512,21272,32861,,19043,1985-12-02,2CC,200,2CC,CC,TT,CC
165842,21292,25961,7964,1542,1985-03-13,2CT,2TC,2AA,CT,00,AA
100372,105922,28491,1311,8750,1973-02-23,2CT,2C0,2CC,CT,00,CC
105792,7722,26611,3014,7847,1971-09-11,0TT,200,0CC,00,00,00
162522,115742,108621,,8468,1993-04-04,2CC,2T0,2CC,CC,TT,CC
160231,112702,122331,,8968,1993-11-02,2TC,2T0,2CC,TC,00,CC
116632,25312,3771,,7942,1978-12-02,2TC,2TT,2CC,TC,TT,CC
105312,110262,105421,7783,7773,1976-02-23,2TT,20T,2AC,TT,00,AC
105421,3342,3431,7773,7709,1955-04-08,2TC,20C,2CA,TC,00,CA
112641,29862,31951,9158,9121,1963-02-26,0TC,200,2AA,00,00,AA
21322,7342,9831,8450,8509,1947-01-02,0TC,2CC,2AC,00,00,AC
160302,105022,108071,23012,8262,1988-02-21,2CC,20C,2CA,CC,00,CA
106682,4402,7781,8251,8108,1954-02-23,2CT,2T0,0CC,CT,00,00
163322,112702,122331,,8968,1998-04-24,2TC,2TC,2CC,TC,00,CC
158481,104962,106401,,7951,1988-03-26,2TC,2T0,2CC,TC,TT,CC
33382,4782,4471,8320,8302,1959-01-24,2CT,20C,2AC,CT,00,AC
106042,7822,3791,8257,7908,1961-02-22,2CC,20T,2CC,CC,00,CC
105551,24522,26141,7728,7717,1968-11-07,2CC,200,2AC,CC,00,AC
33412,1682,8491,8316,8305,1939-06-10,0TT,2TC,2CC,00,00,CC
159681,109952,111381,,3005,1993-04-24,2TC,20T,2CC,TC,00,CC
33362,4782,4471,8342,8302,1950-08-07,0CC,20C,2CA,00,00,CA
161782,23482,28571,,8858,1992-10-22,2CC,2T0,2AC,CC,00,AC
122472,39002,5581,21305,8821,1979-02-16,2TC,20T,2CA,TC,00,CA
160011,111512,23961,,9652,1993-06-19,2CT,2CT,2CC,CT,00,CC
107482,29352,31711,8470,8244,1973-04-15,2CT,2TT,2CC,CT,00,CC
115602,3852,5681,9865,17307,1966-08-16,0CC,2TT,0CC,00,TT,00
121652,26252,30651,8474,8451,1980-02-10,2TC,2TC,2CC,TC,00,CC
30542,9372,8171,8944,19005,1938-08-09,2CT,200,2CC,CT,00,CC
164072,107102,110021,,23002,1995-08-31,2CC,2CC,2CC,CC,00,CC
109932,39002,5581,3006,8821,1964-08-20,2TC,20T,2CA,TC,00,CA
156091,39072,97181,8980,8951,1981-12-04,2TC,2C0,2CA,TC,00,CA
33961,4772,4571,8324,8311,1958-01-01,2CT,20C,2CC,CT,00,CC
155941,38582,28541,8877,8855,1981-06-05,2TT,2CC,2CC,TT,00,CC
122271,21612,28651,,8822,1980-02-06,2CC,20C,2AC,CC,00,AC
29392,4492,4341,8747,8206,1956-03-03,0TC,200,2CC,00,00,CC
158441,107302,109701,,9655,1988-06-04,2CT,2CT,2CA,CT,00,CA
108881,29332,30661,,8448,1969-09-10,2TC,20T,2CA,TC,00,CA
109681,4392,3391,23004,8609,1971-06-26,2CC,2C0,1CC,CC,00,00
8072,9802,9221,7905,40005,1924-03-03,2CT,1TT,2CC,CT,00,CC
111611,38992,97091,8958,8943,1960-01-15,2CC,2C0,2CC,CC,00,CC
161162,110342,30601,,8456,1985-10-06,2CC,2CT,2CC,CC,00,CC
108241,26282,30451,8280,8242,1973-08-18,2CC,20C,2CC,CC,00,CC
107032,29942,27191,8465,8124,1969-03-10,0TC,2CC,2CC,00,00,CC
108531,5692,4511,8347,8306,1969-02-12,2TC,20T,2CC,TC,00,CC
123092,24472,5851,1150,9850,1977-03-13,2CC,2TC,2CC,CC,00,CC
111292,4922,5791,8267,9105,1961-08-13,2CT,2TT,2CC,CT,00,CC
111291,20262,22811,8964,8904,1961-05-24,2CT,2TT,2CC,CT,TT,CC
161762,108942,28831,,22432,1992-01-23,2TT,2CC,2CA,TT,00,CA
162892,122462,122201,,7952,1996-10-31,2CT,2TT,2CC,CT,00,CC
111101,38582,28541,8863,8855,1966-06-22,0TC,2CT,2CC,00,00,CC
161661,109972,110711,,22433,1999-10-19,2TT,2CT,2CC,TT,00,CC
156141,106692,106441,7965,7949,1985-02-12,2CT,20T,2CC,CT,00,CC
23582,6662,3621,1044,7809,1953-09-21,2CC,1T0,1CA,CC,00,00
5732,3452,5201,8905,8909,1929-10-05,2TT,20C,2CC,TT,00,CC
111721,5582,97141,3018,8945,1971-04-28,2CC,2TC,2CC,CC,00,CC
160791,122402,106451,,7948,1992-02-01,2TC,20C,2CC,TC,00,CC
107322,95852,98611,23003,8216,1972-12-08,0TC,2CT,2AC,00,00,AC
110742,30582,97111,19027,8952,1973-04-29,0CC,2TT,2CC,00,00,CC
110741,2912,5501,,8808,1966-06-05,2CT,2TT,0CC,CT,00,00
170702,109002,105431,7781,7725,1983-07-29,2CC,2CC,2AC,CC,00,AC
107682,33412,36091,8333,8316,1972-02-07,0TC,20T,2CC,00,00,CC
170522,111512,23961,,9652,1996-03-25,0TC,2CC,2AC,00,00,AC
161212,28482,30881,22442,8455,1984-05-05,2TC,20C,0CC,TC,00,00
4782,3422,9551,8302,8312,1928-09-19,0TC,1CT,2AC,00,00,AC
39062,5642,10071,8949,8913,1947-12-10,2TC,2TT,2AC,TC,00,AC
115952,27652,4111,17414,17441,1970-04-19,1TT,100,2CC,00,00,CC
110522,30542,97351,8347,8944,1964-03-17,2CC,2C0,2CC,CC,00,CC
28101,4392,3391,9648,8609,1952-01-27,0CC,2CT,2CC,00,00,CC
160482,106352,109711,,9658,1988-08-28,2CC,2CT,2AC,CC,00,AC
160481,110342,30601,,8456,1992-07-29,2TC,2T0,2CA,TC,00,CA
160952,100172,111581,,3004,1989-03-12,0CC,20C,2CC,00,00,CC
155551,112312,108561,,8323,1985-02-18,0CC,2CC,2CA,00,00,CA
172702,107352,97851,22443,2043,1985-01-04,0TC,2T0,0CC,00,00,00
158311,25722,111351,,8957,1988-05-13,2CC,20T,2CC,CC,00,CC
158312,33382,34011,,8320,1986-04-27,0TC,2TC,2CC,00,00,CC
163852,111172,111841,,3016,2000-09-11,2CT,200,2CC,CT,TT,CC
23961,4392,3391,9652,8609,1956-06-27,2CC,2CC,2AC,CC,00,AC
161202,26002,30581,,8454,1984-05-24,2TC,2T0,0AC,TC,00,00
161971,115742,108621,,8468,1997-09-25,2TT,2C0,2CC,TT,00,CC
106212,25312,3771,,7942,1975-03-29,2CC,2TT,2CC,CC,TT,CC
161992,109792,111631,,8961,1993-11-25,2TT,20C,0AC,TT,00,00
105092,7202,5221,8954,7712,1955-01-23,2CC,2C0,2CA,CC,00,CA
108152,26252,30651,8473,8451,1976-09-30,2CC,2TC,0CC,CC,00,00
162081,115052,106411,,7954,1997-09-08,0TT,2CC,2CC,00,00,CC
162082,111342,111361,,3002,1995-01-31,2TT,2CC,2CC,TT,00,CC
108151,29772,30431,3609,8240,1972-09-07,2CT,2TT,2CC,CT,00,CC
153782,4662,34021,,8321,1985-10-31,2CC,2TC,2AC,CC,00,AC
124181,25382,28111,,9654,1981-10-30,2CT,2TC,2CA,CT,00,CA
162311,106972,106641,,7957,2000-12-18,2TC,2CT,2CA,TC,00,CA
158261,25382,28111,,9654,1987-01-19,2CT,2TC,2CA,CT,00,CA
158262,115592,112531,,9862,1986-01-08,2TT,20T,0CC,TT,TT,00
26092,2882,10061,3001,8809,1954-11-02,0TC,2TT,2CC,00,00,CC
159011,106592,108721,,8460,1989-08-02,2TC,2TT,2AA,TC,00,AA
154572,110312,28331,8983,8754,1982-08-30,0TC,2TC,0AC,00,00,00
165502,21272,32861,,19043,1980-10-20,2TC,200,2CC,TC,00,CC
26252,4312,5381,8451,8815,1942-02-23,2CT,100,2CC,CT,00,CC
160221,107762,111291,,8964,1994-07-19,0CC,2T0,2CC,00,TT,CC
162532,115742,108621,,8468,1995-06-26,2TT,2T0,2CC,TT,TT,CC
121481,110342,30601,3706,8456,1980-07-16,2CC,2CT,2CC,CC,00,CC
106321,8372,3711,7941,7903,1945-03-04,2TC,2CC,2CC,TC,00,CC
6072,6052,6011,8857,9117,1947-03-31,2CT,2TC,2AC,CT,00,AC
112191,5932,6101,9144,9102,1954-04-30,2CC,100,2CC,CC,00,CC
104962,3252,3351,7951,7705,1960-09-17,2CC,2T0,2CC,CC,TT,CC
96871,2032,9931,7940,7907,1944-04-07,1TT,200,1CC,00,00,00
3452,9712,8771,8909,7718,1907-06-30,2TC,2CT,2CC,TC,00,CC
106032,7822,3791,1201,7908,1959-07-23,2TC,20T,2CC,TC,00,CC
112252,28692,97321,8873,9744,1975-06-17,0CC,2C0,2CA,00,00,CA
105541,24522,26141,7727,7717,1967-04-24,0CC,20C,0CC,00,00,00
112811,28502,32161,9163,9143,1970-09-18,0CC,200,0AC,00,00,00
163662,109792,111631,,8961,1999-04-17,2TT,2C0,2CA,TT,00,CA
163312,109072,111451,,8967,1997-12-09,2CC,20T,2AA,CC,00,AA
160001,112722,106491,,7955,1992-08-31,2TT,200,2CC,TT,00,CC
122462,5922,98681,7952,8812,1960-10-25,0TC,20T,2CC,00,00,CC
121461,28482,30881,3704,8455,1979-06-12,0TT,2TT,2CC,00,TT,CC
30551,9092,1251,8447,8401,1942-02-28,2CT,2TC,2CC,CT,00,CC
107492,28112,4391,8275,8245,1975-03-16,0TT,200,2CC,00,00,CC
24012,8522,9121,8621,8001,1938-06-01,2CC,2TC,2CC,CC,00,CC
163261,127902,106591,,7959,2002-04-23,2CC,2T0,2CC,CC,00,CC
161682,25892,28731,,8860,1991-09-15,2TC,20C,0AA,TC,00,00
108431,4782,4471,8346,8302,1965-07-30,0CC,20T,2AA,00,00,AA
164062,107102,110021,,23002,1990-10-10,2CC,2CC,2CA,CC,00,CA
112722,28062,32071,7955,9853,1971-10-24,2TC,1T0,2CC,TC,00,CC
168742,23712,31901,8283,9448,1983-11-25,0TC,100,2CC,00,00,CC
106441,2032,9931,7949,7907,1950-03-05,2CT,200,1CC,CT,00,00
155951,23482,28571,,8858,1981-01-08,2CC,2C0,2AC,CC,00,AC
122261,21612,28651,22442,8822,1978-10-03,2CC,200,2CC,CC,00,CC
160171,110152,28671,,8861,1994-10-02,0TC,20T,2CC,00,00,CC
34011,5652,4591,8320,8313,1957-05-29,0TC,2TT,2CC,00,TT,CC
111601,28242,97101,3013,8942,1971-01-22,2CT,20T,2AC,CT,00,AC
161192,25702,30611,,8452,1987-02-04,2TC,2C0,2CC,TC,00,CC
111281,20262,22811,8959,8904,1959-04-21,2CT,2TT,2CC,CT,TT,CC
161752,109942,110981,,8865,1993-09-01,2CT,2T0,2CC,CT,00,CC
122311,111502,28821,8871,8859,1979-03-08,2TT,200,2CC,TT,00,CC
159651,24162,24071,,1705,1984-02-04,0TC,2T0,0CC,00,00,00
162881,123052,106651,,7960,2001-06-30,0TC,2C0,0CC,00,00,00
162882,122402,106451,,7948,1996-06-08,2CC,20C,2CC,CC,00,CC
39452,4192,7771,17142,17106,1951-02-10,0TC,2C0,2CC,00,00,CC
111111,38582,28541,8866,8855,1969-07-17,0TC,2TC,2CC,00,00,CC
156131,29542,106461,7967,7946,1984-10-06,2CC,200,2CC,CC,00,CC
158121,111342,111361,,3002,1987-04-26,2TT,2TC,2CC,TT,00,CC
110642,25872,97171,9868,8948,1971-05-07,0TC,2TC,2CA,00,00,CA
160561,107032,108941,,8465,1992-03-27,0TT,2TC,2CC,00,00,CC
5582,4322,5491,8945,8807,1940-12-27,2CC,20C,2CC,CC,00,CC
5581,4312,5381,8821,8815,1940-09-22,2TT,2CT,2CC,TT,00,CC
9832,9972,3521,8406,8912,1934-03-01,2TT,2CT,2CC,TT,00,CC
104922,3732,3301,9860,7704,1962-09-04,0TC,2TT,0AC,00,00,00
107312,95852,98611,9661,8216,1963-01-14,2TC,2C0,2AC,TC,00,AC
108341,28112,4391,8282,8245,1973-11-20,0TT,200,0CC,00,00,00
160762,107302,109701,,9655,1990-02-12,2CT,2CC,2CC,CT,00,CC
110732,39072,97181,8332,8951,1970-12-24,2TC,20T,2CC,TC,00,CC
31042,4712,1561,8343,6505,1950-08-11,0TT,1TC,1AA,00,00,00
25822,3062,5371,7947,8711,1956-10-09,1CC,20T,2CC,00,00,CC
110881,111482,28561,22440,8847,1977-02-11,0TC,2C0,2AA,00,00,AA
109691,4392,3391,23003,8609,1973-06-07,2CC,2C0,2AC,CC,00,AC
156041,28362,111541,,8955,1984-08-14,0TT,200,0AC,00,00,00
170512,26312,23951,,9647,1991-03-01,2CC,2CC,2AC,CC,00,AC
26401,4232,9701,1043,7812,1942-05-06,0TT,200,0AC,00,00,00
26402,5862,5641,1602,9003,1955-12-11,1CT,200,0CC,00,00,00
163912,112742,106561,,7956,1997-08-19,2TT,2CT,2CC,TT,00,CC
28821,4312,5381,8859,8815,1953-08-24,2TC,200,2CC,TC,00,CC
23372,7202,5221,7770,7712,1948-06-10,0TC,2C0,0AC,00,00,00
39072,5642,10071,8951,8913,1950-04-09,2CT,20T,2AC,CT,00,AC
5692,3512,8571,8306,8901,1931-11-09,2CC,2TT,2AC,CC,00,AC
170602,107312,109601,,9661,1995-02-14,0TC,2CC,2CC,00,00,CC
110082,21462,28701,8871,8850,1971-09-03,0TC,20T,2AC,00,00,AC
158302,122402,106451,23108,7948,1985-08-03,2TT,20C,2CC,TT,00,CC
158301,107892,111611,8984,8958,1988-03-13,0CC,2CC,2CA,00,00,CA
110062,21462,28701,22430,8850,1965-08-12,0TC,2T0,2CA,00,TT,CA
161961,112612,121191,,8467,2000-08-02,0TT,200,2CC,00,00,CC
100092,26452,26401,3601,1043,1975-08-16,2TC,20T,2AA,TC,00,AA
26312,4312,5381,9647,8815,1955-08-31,2CC,2CC,2CC,CC,00,CC
160581,122402,106451,,7948,1994-05-25,2TC,20C,2CC,TC,00,CC
23951,4392,3391,9647,8609,1954-11-08,2CC,2CC,2AC,CC,00,AC
25532,5432,9781,9154,8614,1949-08-28,0TC,20C,0CC,00,00,00
106202,106002,106321,,7941,1972-12-20,2CC,2C0,0CC,CC,00,00
161981,106932,108971,,3702,2000-06-12,2CC,2C0,2AC,CC,00,AC
161982,107902,111281,,8959,1992-12-22,0TC,2T0,2CA,00,00,CA
166712,35642,38681,7967,21604,1984-05-11,0CC,20T,0AC,00,00,00
124191,25382,28111,,9654,1982-12-14,2CT,2CC,2CA,CT,00,CA
155561,112362,33961,,8324,1985-05-18,2TT,2CT,2CC,TT,00,CC
97731,4192,7771,17123,17106,1954-05-24,2TT,2T0,0AC,TT,00,00
159001,106592,108721,8476,8460,1987-10-15,2TC,2TT,2CC,TC,00,CC
2592,9482,1671,8303,7301,1923-12-26,0TC,1C0,0AC,00,00,00
154212,25982,97161,,8947,1980-05-16,2TT,2CC,2CA,TT,00,CA
121491,110342,30601,,8456,1982-01-19,2CC,2TT,2CA,CC,TT,CA
38582,162,3731,8855,7902,1943-03-19,1TT,2CT,2CC,00,00,CC
121252,24632,27201,9155,1944,1964-09-09,0CC,1TC,0AC,00,00,00
105332,362,3551,22213,7803,1962-06-03,2CC,200,0CC,CC,00,00
162182,110062,111071,,22430,1995-07-09,2CT,200,2CA,CT,00,CA
167291,107102,110021,,23002,1999-06-15,2TC,2TC,2CC,TC,00,CC
97351,3532,9771,8944,8914,1939-06-12,2CC,20C,2CC,CC,00,CC
125622,28332,24031,17410,1742,1969-01-26,2CC,20C,0CC,CC,00,00
160362,107892,111611,7780,8958,1986-10-27,2CT,2CC,2CC,CT,00,CC
162611,106012,33101,1150,1148,1979-04-05,2CT,20T,0AC,CT,00,00
96861,2032,9931,7945,7907,1935-04-18,2TC,20T,1CC,TC,00,00
115102,6062,29971,8973,17143,1965-02-11,0TC,100,2CC,00,00,CC
105441,3342,3431,7724,7709,1961-02-14,2TC,20C,2AA,TC,00,AA
107792,95862,98631,8269,8404,1969-03-19,0TC,20T,1CC,00,TT,00
164872,115822,111571,,3009,1998-09-24,2CC,20T,0CC,CC,00,00
167372,105372,28981,3706,22201,1985-07-27,2TT,20T,2CC,TT,00,CC
106022,7822,3791,,7908,1957-01-20,2TC,20T,2CC,TC,00,CC
158462,109342,31831,8290,8261,1982-07-09,0TC,200,2AA,00,00,AA
39982,4792,5151,7775,8615,1959-02-06,2TC,20C,2CC,TC,00,CC
162502,112612,121191,,8467,1993-10-15,2TC,200,2CC,TC,00,CC
25882,3332,5471,9147,8805,1953-07-05,2CC,2TC,2AA,CC,00,AA
169752,109972,110711,,22433,1998-01-29,2TT,2CT,2CC,TT,00,CC
33342,3542,8501,9142,8301,1942-02-21,2TC,200,2CA,TC,00,CA
112531,4932,5921,9862,9113,1960-09-30,2CT,20T,2AC,CT,TT,AC
121672,110332,30591,23107,8453,1978-07-21,2TT,2TT,2CA,TT,00,CA
167972,23472,24501,8293,1609,1985-05-16,2CT,200,0CC,CT,00,00
106152,38642,96871,8272,7940,1969-02-03,2TT,20C,2CC,TT,00,CC
164902,115022,111691,,3015,2001-06-02,2CC,2T0,2CC,CC,00,CC
168911,125272,110031,,23009,1996-11-26,2CC,2TC,2CC,CC,00,CC
161691,110432,111101,,8863,1999-09-27,2TC,2C0,2CC,TC,00,CC
30582,4472,4621,8952,19011,1949-08-19,2CC,2TT,2CC,CC,TT,CC
30581,4372,4631,8454,8402,1952-09-26,2TC,2TC,2CC,TC,00,CC
161692,104882,110751,,8862,1991-05-03,0CC,200,2CC,00,00,CC
159791,28522,96801,,1246,1980-06-28,0TC,200,0AC,00,00,00
122522,23482,28571,22444,8858,1979-07-09,2CC,2T0,2AC,CC,00,AC
122251,5922,98681,22820,8812,1961-10-08,0TC,10T,0CC,00,00,00
155961,23482,28571,22443,8858,1982-06-06,2CC,2C0,2CC,CC,00,CC
107772,95862,98631,8260,8404,1962-08-26,0TC,20T,0CC,00,TT,00
115712,20372,98751,8462,17310,1962-10-28,2TC,20C,2CC,TC,00,CC
160101,111502,28821,4001,8859,1986-08-18,2CT,200,2CC,CT,00,CC
161722,110432,111101,,8863,1993-08-28,2TC,2TT,2CC,TC,00,CC
111631,38992,97091,8961,8943,1962-05-26,2TT,20C,2CC,TT,00,CC
34001,5652,4591,8343,8313,1953-05-29,2TC,2TT,2CC,TC,TT,CC
161182,25702,30611,,8452,1982-12-15,0CC,2T0,0CC,00,00,00
156921,24472,5851,,9850,1984-02-07,2TC,2TC,2AC,TC,00,AC
159641,106282,108641,,2101,1984-02-05,2TC,2C0,0CC,TC,00,00
161742,109942,110981,,8865,1989-12-08,2CC,200,2CC,CC,00,CC
161741,110652,111661,,8966,1997-03-02,2CT,200,2CC,CT,00,CC
157431,108452,111561,,3003,1987-06-20,2TC,2TT,2CA,TC,TT,CA
164052,107422,110881,,22440,2000-12-18,2CC,200,2AC,CC,00,AC
156121,25312,3771,,7942,1980-11-12,2CC,2TT,2CC,CC,TT,CC
111121,38582,28541,8864,8855,1970-08-12,2TT,2TC,2CC,TT,00,CC
111701,5582,97141,3014,8945,1968-08-28,2CC,20C,2CC,CC,00,CC
110652,25872,97171,8966,8948,1972-12-24,2CT,20C,2CA,CT,00,CA
109772,3322,5471,21304,8804,1939-12-10,1TT,20C,1CA,00,00,00
107302,95852,98611,9655,8216,1960-05-14,0TC,2CT,2AC,00,00,AC
160572,111292,31841,,8267,1989-11-30,0TC,20T,2CC,00,00,CC
160571,107032,108941,,8465,1993-05-14,0TT,2TC,2CC,00,00,CC
36011,6742,4491,8322,8304,1957-06-19,0CC,2T0,2CC,00,00,CC
108351,28082,31721,8275,8246,1971-04-21,2CC,2C0,2CC,CC,00,CC
160801,106952,106621,,7953,1996-12-26,2CC,2T0,2CA,CC,00,CA
110892,5872,5251,9152,9005,1960-02-12,2CT,2C0,2CC,CT,00,CC
110891,23642,24091,,8848,1966-07-30,2TT,20C,0CC,TT,00,00
110722,23312,5611,19023,8950,1972-04-03,2TT,200,2CA,TT,00,CA
111381,5732,5601,3005,8905,1965-07-17,0TC,2T0,2CC,00,00,CC
158062,23702,26341,4802,7844,1981-09-19,2CT,20C,2CC,CT,00,CC
110472,24872,22661,,8940,1958-12-05,0TT,2CT,0AC,00,00,00
95852,9492,5861,8216,9111,1935-07-06,0TC,20T,2CC,00,00,CC
163902,122402,106451,,7948,1998-05-09,2CT,20T,2CC,CT,00,CC
28831,4312,5381,22432,8815,1957-07-10,2CT,20C,2CC,CT,00,CC
107942,6012,4771,8274,8412,1964-02-03,0TT,2T0,2CC,00,00,CC
24472,8682,4161,9850,8112,1942-09-26,2CC,2CT,2CA,CC,00,CA
110092,21462,28701,22204,8850,1974-12-10,2TC,200,2CA,TC,00,CA
110272,20262,22811,,8904,1963-11-20,2CT,2TT,2CC,CT,TT,CC
110271,5712,5281,8761,8704,1959-03-17,2CC,200,2CC,CC,00,CC
111372,5992,5911,9146,9112,1954-10-12,0TC,2TC,0AC,00,00,00
109002,5362,5411,7725,8619,1960-05-09,0CC,1TC,0CC,00,00,00
4052,2032,9931,8407,7907,1932-01-31,2TT,2C0,1CC,TT,00,00
161222,28482,30881,,8455,1985-11-04,2TT,20C,0CC,TT,00,00
26302,4312,5381,9648,8815,1951-11-22,1CC,2CC,2CC,00,00,CC
154172,23482,28571,22441,8858,1984-08-08,2CC,2CC,2AC,CC,00,AC
100082,26452,26401,22438,1043,1972-02-20,2TT,20T,2AA,TT,00,AA
158321,107902,111281,,8959,1988-05-17,0TC,2T0,2CC,00,00,CC
160591,110432,111101,,8863,1995-04-10,0CC,2TT,2CC,00,00,CC
154192,25892,28731,8878,8860,1983-04-22,0TT,20C,0AA,00,00,00
121861,5892,4411,8255,8214,1956-07-07,0TC,2C0,0AC,00,00,00
158202,104922,112441,9163,9860,1983-10-03,0CC,2CT,0CC,00,00,00
32081,8052,5991,9851,9108,1947-08-14,2TT,1T0,2AC,TT,00,AC
159071,26002,30581,,8454,1985-08-16,2TT,2C0,2CA,TT,00,CA
165522,110442,33051,2205,19044,1983-12-31,2CT,2C0,2CC,CT,00,CC
154222,107892,111611,8978,8958,1984-04-15,0CC,2CT,2CA,00,00,CA
161441,109972,110711,,22433,1996-05-31,2TC,20T,2AC,TC,00,AC
4441,5892,4411,8248,8214,1946-09-19,2TT,2C0,2CC,TT,00,CC
162192,107652,111441,,8962,1994-09-06,0CC,2T0,2CC,00,00,CC
36091,9122,8411,8316,8309,1933-05-19,0TC,200,2CC,00,00,CC
4932,132,9241,9113,8410,1930-12-06,2TT,1TT,0CC,TT,00,00
162422,105792,111701,,3014,1995-12-20,0TC,2CC,2CC,00,00,CC
4681,9102,8011,8406,8405,1934-12-22,2CC,2TC,1AC,CC,00,00
26122,4342,3531,,8813,1941-02-19,2TC,20C,2AC,TC,00,AC
125632,28332,24031,1451,1742,1970-07-08,0CC,10C,2CC,00,00,CC
107782,95862,98631,8270,8404,1967-06-12,0TC,20T,1CC,00,TT,00
107781,4612,4311,8274,8203,1966-03-14,2CT,20C,2CA,CT,00,CA
105452,6662,3621,8153,7809,1960-02-16,2CC,100,1CA,CC,00,00
162602,111592,112751,9165,9157,1988-08-17,0CC,2T0,2CA,00,00,CA
106012,7822,3791,1148,7908,1954-10-29,2CT,20T,2CC,CT,00,CC
106262,4032,96861,,7945,1965-10-07,2TC,20C,2CC,TC,00,CC
167362,26482,28901,22211,9046,1986-02-27,0TC,2TC,2CA,00,00,CA
158471,104962,106401,,7951,1986-07-30,2TC,2TT,2CC,TC,TT,CC
158472,105022,108071,4003,8262,1984-07-01,2CT,200,2CA,CT,00,CA
162512,112612,121191,,8467,1995-10-19,2TC,2T0,2CC,TC,00,CC
161512,110162,111641,,8963,1991-08-15,2TT,20C,2CA,TT,00,CA
163641,39982,26151,7783,7775,1984-01-23,2CC,20C,0AC,CC,00,00
163642,110232,111111,,8866,1999-11-12,0TC,2CC,2CC,00,00,CC
112831,28502,32161,9160,9143,1973-07-17,0TC,20T,0CC,00,TT,00
167961,125612,110771,,3504,2004-06-12,0TC,200,0CC,00,00,00
122402,8372,3711,7948,7903,1955-01-17,1TC,2CT,2CC,00,00,CC
121682,26002,30581,8284,8454,1978-08-29,2TC,2CC,2CA,TC,00,CA
125302,70052,31611,23005,9440,1977-03-11,0CC,2TC,2CC,00,00,CC
168921,125272,110031,,23009,2001-12-31,2CC,2CT,0CC,CC,00,00
163242,125252,111151,,8867,1998-03-17,2CC,2C0,2CC,CC,00,CC
26781,4122,3871,1805,8006,1957-02-09,0TC,2TT,0CC,00,TT,00
112742,28062,32071,7956,9853,1974-12-31,2TC,20T,2CC,TC,00,CC
29862,9492,5861,9121,9111,1942-01-03,0TC,20T,2CA,00,00,CA
30591,4372,4631,8453,8402,1954-03-31,0TC,2TC,2CC,00,00,CC
122532,5582,97141,,8945,1980-01-08,2CC,20C,2CC,CC,00,CC
161421,112562,111121,,8864,1997-04-09,2TC,2C0,2CA,TC,00,CA
158851,109952,111381,,3005,1990-03-01,0TC,200,0CC,00,00,00
107762,95862,98631,8964,8404,1961-05-05,2CC,20T,1CC,CC,TT,00
160111,109952,111381,,3005,1995-07-24,2TC,200,2CC,TC,00,CC
160112,111262,28681,,8846,1987-02-12,2CT,20T,2AC,CT,TT,AC
155971,111502,28821,8879,8859,1981-05-30,0TT,20C,2CC,00,00,CC
164602,106012,33101,8876,1148,1983-03-30,0TC,200,2CC,00,00,CC
109342,3272,5261,8261,8702,1961-03-29,0TC,200,1CA,00,00,00
108291,29352,31711,8281,8244,1970-02-06,2TT,2TC,2CC,TT,00,CC
108561,4652,4561,8323,8310,1959-10-06,0CC,2TC,2CC,00,00,CC
159671,108452,111561,,3003,1993-03-15,2TC,2T0,2CC,TC,00,CC
106791,5032,3941,17408,8012,1967-08-20,0TC,200,2CC,00,00,CC
156111,106002,106321,7966,7941,1982-02-08,2TC,2C0,2CC,TC,00,CC
161732,112562,111121,,8864,1992-04-10,2TT,2T0,2CA,TT,00,CA
122331,20262,22811,8968,8904,1971-05-06,2CT,2TT,2CC,CT,TT,CC
111132,26462,29101,9871,9015,1971-01-08,2CC,10C,0CC,CC,00,00
111131,38582,28541,8868,8855,1971-09-13,0TC,2CC,2AC,00,00,AC
157421,100172,111581,,3004,1987-05-19,0CC,2TT,2CC,00,00,CC
111711,5582,97141,,8945,1969-11-30,2CC,2T0,2CC,CC,00,CC
110662,25872,97171,22203,8948,1976-02-04,0TC,20C,2CA,00,00,CA
108751,6012,4771,8457,8412,1960-09-08,2TC,2TC,2CC,TC,00,CC
108361,28082,31721,8271,8246,1971-04-21,2TC,200,2CC,TC,00,CC
111391,5732,5601,3011,8905,1966-12-04,2CT,2TC,2CC,CT,00,CC
108161,29772,30431,3602,8240,1974-06-23,2CT,2CT,2CC,CT,00,CC
160741,107662,108431,,8346,1988-05-16,2CT,20C,2AC,CT,00,AC
162992,109792,111631,,8961,1997-10-26,2TT,200,0AC,TT,00,00
156061,107892,111611,8982,8958,1985-07-24,0CC,2CC,2CC,00,00,CC
111622,33322,31941,8159,9122,1964-06-03,0TC,2T0,0CC,00,00,00
159021,120702,108841,8479,8461,1989-12-19,2CT,20C,2CC,CT,00,CC
110711,3332,5471,22433,8805,1966-04-26,2TT,20C,2CA,TT,00,CA
110712,23312,5611,9208,8950,1970-12-09,2CT,200,2CA,CT,00,CA
110861,111262,28681,8873,8846,1975-09-26,2CC,20T,2AC,CC,TT,AC
127942,24232,97731,3018,17123,1978-07-09,2TT,200,2CA,TT,00,CA
28801,4312,5381,8854,8815,1943-07-22,2TC,2CC,2CC,TC,00,CC
170572,107132,109721,,23008,1999-03-19,2CC,2TT,2CC,CC,00,CC
162381,106642,110971,,8869,2000-10-17,2CC,2TT,2AC,CC,00,AC
154462,122402,106451,1515,7948,1982-04-01,2CC,20C,2CC,CC,00,CC
100202,24742,32921,1101,1141,1972-11-02,0TC,200,2CC,00,00,CC
111401,5732,5601,3012,8905,1968-08-14,2CT,2T0,2CC,CT,00,CC
39092,3532,9771,8854,8914,1944-01-10,2CT,20C,2CC,CT,00,CC
165002,115052,106411,,7954,2001-11-23,0TT,2TC,2CA,00,00,CA
107992,110332,30591,,8453,1977-06-18,2CT,2TT,2CC,CT,00,CC
107991,5892,4411,8269,8214,1960-06-14,0TC,2C0,2CA,00,00,CA
117581,25622,27031,17411,17442,1970-12-15,0CC,2C0,0CC,00,00,00
110281,5712,5281,8762,8704,1964-12-24,0CC,200,2CC,00,00,CC
110041,24012,23991,,8621,1970-09-19,2CC,2CT,2AC,CC,00,AC
110042,23642,24091,,8848,1974-11-02,2TT,2T0,0CC,TT,00,00
161232,122402,106451,,7948,1989-09-25,2CT,20C,0CC,CT,00,00
161231,110702,111131,,8868,1998-08-07,0CC,2CT,2CC,00,00,CC
4062,2032,9931,8218,7907,1933-07-23,0TC,200,0CC,00,00,00
163802,112572,108801,,8471,1998-12-19,2CC,2TT,0AC,CC,TT,00
154162,39092,28801,,8854,1982-11-27,2CC,2C0,2CC,CC,00,CC
110911,23642,24091,,8848,1972-06-06,2TT,2TC,0CC,TT,00,00
106581,106002,106321,7963,7941,1974-05-18,2TC,2CC,2CC,TC,00,CC
158841,108472,111591,,3007,1989-07-03,2TC,20T,2CC,TC,00,CC
97751,2712,3861,17142,17109,1944-09-01,2CC,200,2CA,CC,00,CA
158211,106772,4451,8291,8253,1982-02-14,0TC,200,2CC,00,00,CC
158212,111332,112511,8280,9855,1981-04-12,0TT,2C0,0CC,00,00,00
159061,25702,30611,,8452,1985-06-14,0CC,2CT,2CC,00,00,CC
155581,127702,33991,8350,8340,1983-04-29,0TT,2T0,2AC,00,00,AC
154232,25722,111351,19034,8957,1981-04-14,2CC,2CT,2CC,CC,00,CC
107192,4492,4341,22820,8206,1963-08-02,0CC,100,1CC,00,00,00
4451,4062,4431,8253,8218,1953-08-19,0TC,200,2CC,00,00,CC
162452,100182,108761,,8463,1995-02-23,2TT,2C0,2CC,TT,00,CC
4922,132,9241,9105,8410,1928-12-14,2TT,1T0,0CC,TT,00,00
26112,4342,3531,8852,8813,1939-12-05,2CC,20C,2AC,CC,00,AC
124221,24012,23991,,8621,1980-01-16,2CC,2CT,2AC,CC,00,AC
154432,25822,106391,,7947,1985-10-14,2CC,2T0,2CC,CC,00,CC
162672,104962,106401,,7951,1991-12-10,2TC,2T0,2CC,TC,TT,CC
160341,104882,110751,,8862,1995-06-26,2CT,200,2CC,CT,00,CC
106002,2032,9931,7941,7907,1948-02-27,2CC,2C0,2CC,CC,00,CC
106001,5782,98561,1003,7817,1960-05-24,0TT,2CT,0CC,00,00,00
122651,4452,7731,8145,8103,1955-06-04,2TC,100,2CC,TC,00,CC
29772,8052,5991,8240,9108,1946-02-20,1TT,10T,2CC,00,00,CC
162071,122462,122201,,7952,1999-09-30,0TC,2T0,2CC,00,TT,CC
162072,2172,4971,1921,8518,1960-10-05,0TC,10C,2CA,00,00,CA
110192,39092,28801,,8854,1969-05-05,2CC,2CC,2CC,CC,00,CC
108621,4372,4631,8468,8402,1968-12-06,2TC,2TC,2CC,TC,00,CC
108992,95762,98671,7728,8617,1969-03-22,2TC,100,2CA,TC,00,CA
162702,115052,106411,,7954,1992-08-11,0TT,2C0,2CA,00,00,CA
159801,28522,96801,,1246,1982-11-17,0TC,200,2CC,00,00,CC
162701,110682,110931,,22436,2000-11-24,2CT,2T0,2CA,CT,00,CA
112512,25922,97151,8469,9755,1972-01-27,0TC,100,2CC,00,00,CC
168602,29372,111481,,9756,1983-07-08,0CC,2T0,2CC,00,00,CC
158991,106592,108721,8475,8460,1986-08-16,2TC,2T0,2CA,TC,00,CA
121692,26002,30581,,8454,1980-09-08,0CC,2T0,2CA,00,00,CA
163251,112722,106491,,7955,2001-07-14,2TC,2TT,2CC,TC,TT,CC
106172,38642,96871,9465,7940,1975-01-02,2TT,200,2CC,TT,00,CC
121451,26002,30581,,8454,1982-04-19,2TC,2TC,2CC,TC,00,CC
105461,5102,3421,7726,7711,1966-09-17,0TT,200,2AA,00,00,AA
36061,4722,4531,8341,8308,1946-05-09,2CT,2T0,2CC,CT,00,CC
164452,21742,97051,8975,9740,1981-11-08,1CC,100,2AC,00,00,AC
112602,4512,5841,9158,9843,1964-06-30,0TC,100,2CC,00,00,CC
112351,4922,5791,9865,9105,1965-02-28,2CT,200,2CC,CT,00,CC
2912,9542,9621,8808,7401,1924-07-04,2TC,20T,2CA,TC,TT,CA
108191,4972,30441,3607,8241,1972-05-03,2CT,2T0,2CC,CT,00,CC
167821,100802,108831,,3703,2001-03-28,2CT,2CT,2CC,CT,00,CC
122502,25482,24111,1649,8856,1979-03-04,2CT,200,2AA,CT,00,AA
160121,109962,111391,,3011,1995-07-22,2TC,2TT,2CC,TC,00,CC
160122,25892,28731,,8860,1987-09-19,2TT,20C,0AA,TT,00,00
161431,109942,110981,,8865,1998-07-20,2CT,2T0,2CC,CT,00,CC
161432,160612,30711,,8464,1991-09-21,2TC,2CC,2CC,TC,00,CC
115772,39572,7951,1003,17311,1962-08-26,2TC,2CT,0AC,TC,00,00
104882,7802,3281,8862,7702,1962-02-25,0TC,200,2CC,00,00,CC
147342,26412,33061,2204,19045,1980-01-20,0TC,200,0AC,00,00,00
30451,5882,4291,8242,8205,1946-05-02,2CC,2T0,2CC,CC,TT,CC
111092,26622,28871,23001,9014,1973-05-05,2TC,200,2AC,TC,00,AC
4322,5262,9971,8807,8021,1919-09-22,2TC,2CC,2CC,TC,00,CC
162852,106952,106621,,7953,1993-06-04,2CC,200,2CC,CC,00,CC
106561,38642,96871,7956,7940,1972-08-19,2TT,20C,2CC,TT,00,CC
35991,4782,4471,8325,8302,1956-02-18,0TC,20T,2AC,00,00,AC
114912,5062,7721,3606,17102,1968-02-26,0TT,2C0,0AA,00,00,00
156101,104962,106401,,7951,1984-10-26,2TC,2T0,2CC,TC,TT,CC
122341,39032,97091,8976,8912,1970-09-06,2CC,20T,2CC,CC,00,CC
109972,39002,5581,22433,8821,1971-09-28,2TC,20T,2CC,TC,00,CC
112771,33342,5811,9161,9142,1973-05-19,2CT,200,0CC,CT,00,00
160612,5122,4861,8464,8510,1960-11-25,2TC,2CT,2CC,TC,00,CC
109711,4392,3391,9658,8609,1962-04-28,2CC,2C0,2AC,CC,00,AC
108171,4972,30441,3605,8241,1969-05-11,2TC,2T0,2CC,TC,00,CC
123102,24472,5851,,9850,1980-01-28,2CC,2CC,2CA,CC,00,CA
34021,5652,4591,8321,8313,1959-01-11,2TC,2TT,2AA,TC,TT,AA
111872,3792,23631,7779,9246,1976-05-20,2CT,100,1CA,CT,00,00
110702,39062,98301,8868,8949,1977-03-22,2CT,2CT,2CC,CT,00,CC
25872,3322,5471,8948,8804,1946-03-24,0TC,20C,2AA,00,00,AA
110871,111262,28681,8872,8846,1978-03-23,2CT,20T,2AC,CT,TT,AC
156071,25722,111351,8981,8957,1984-06-21,0CC,2CT,0CC,00,00,00
127932,23542,97771,3019,17121,1980-04-21,2TC,100,0CC,TC,00,00
28811,4312,5381,8857,8815,1947-06-03,2TT,200,2CC,TT,00,CC
114131,24472,5851,,9850,1975-08-06,2CC,2CT,2CA,CC,00,CA
170562,107132,109721,,23008,1993-03-03,2CC,2T0,2CC,CC,00,CC
158042,111262,28681,,8846,1982-03-16,2TT,20C,2AC,TT,00,AC
110672,39062,98301,22435,8949,1970-11-17,2TC,2CT,2CC,TC,00,CC
25902,3332,5471,,8805,1957-11-14,2TT,2TC,2CA,TT,00,CA
107982,26632,30571,,8445,1975-11-05,2TC,2C0,2CA,TC,00,CA
111502,6052,6011,8859,9117,1957-06-14,0TT,20C,2CC,00,00,CC
110052,21462,28701,,8850,1962-02-24,0TC,2T0,2AC,00,TT,AC
158192,24472,5851,8294,9850,1985-05-26,2TC,2TT,2AC,TC,00,AC
163812,112572,108801,,8471,2000-07-13,2TC,2T0,0AC,TC,00,00
110901,23642,24091,,8848,1968-10-22,2TT,20C,0CC,TT,00,00
127112,30592,5691,7734,9041,1978-09-02,0CC,100,1CA,00,00,00
159581,110152,28671,,8861,1993-01-26,2TC,20T,2CA,TC,00,CA
158721,115592,112531,,9862,1988-10-07,2CT,20T,2AC,CT,TT,AC
124141,26302,28101,23011,9648,1981-08-18,2CC,2CC,0CC,CC,00,00
158222,111332,112511,7965,9855,1985-07-25,1CT,2T0,2CA,00,00,CA
159051,25702,30611,,8452,1984-02-26,0TC,2T0,2CC,00,00,CC
161881,110032,108891,,8472,2000-02-20,2TT,20T,2CC,TT,00,CC
161882,108472,111591,,3007,1994-02-18,2CC,200,2CC,CC,00,CC
161391,110562,111311,,8970,1998-07-09,2CT,2T0,2CA,CT,TT,CA
155591,26152,36061,,8341,1984-07-01,2TC,2TC,2CC,TC,00,CC
161862,109932,111371,,3006,1992-04-19,0TC,2TT,2CA,00,00,CA
116642,25042,106351,,7944,1978-10-12,2TT,200,2CA,TT,00,CA
161861,107482,108861,,8470,1998-06-07,2CT,20T,2CC,CT,00,CC
154242,25722,111351,8982,8957,1982-11-13,0TC,20T,2CC,00,00,CC
124361,24072,26801,1809,1801,1978-03-02,0TC,2CT,0AC,00,00,00
162442,110342,30601,,8456,1994-10-22,2TC,2C0,2CC,TC,00,CC
105691,23862,3401,7729,7769,1971-12-14,0CC,20T,2CC,00,00,CC
4912,132,9241,8211,8410,1927-01-17,0TT,2T0,2CC,00,00,CC
4662,2592,4481,8321,8303,1955-10-18,2CC,20C,2CC,CC,00,CC
24872,2152,5071,8940,8515,1929-03-04,0TT,200,0AC,00,00,00
154402,25822,106391,,7947,1981-01-05,2CC,2T0,2CC,CC,00,CC
135662,32522,37041,8348,6131,1974-07-27,0TC,20C,2AA,00,00,AA
26102,2882,10061,8956,8809,1957-01-03,2TT,200,0AA,TT,00,00
107562,4782,4471,,8302,1962-06-21,2CT,20C,2AA,CT,00,AA
160352,29942,27191,7962,8124,1980-07-08,0TC,2TC,0CC,00,00,00
162662,109072,111451,,8967,1996-07-10,2TT,2TC,2CA,TT,00,CA
163392,110672,110941,,22435,1998-08-18,0TT,20T,2AC,00,00,AC
162212,108942,28831,,22432,1995-05-28,2TC,20T,2CC,TC,00,CC
158451,107312,109601,,9661,1988-09-10,2CC,2CC,2CC,CC,00,CC
97181,3452,5201,8951,8909,1950-05-08,2TT,20C,2CC,TT,00,CC
121191,38802,30761,8467,8449,1968-11-25,2TT,2T0,2CC,TT,00,CC
128641,112302,36151,8349,8344,1979-12-10,0TC,20T,2CC,00,00,CC
162061,122462,122201,,7952,1998-03-29,0CC,2TT,2CC,00,00,CC
159871,110162,111641,,8963,1993-03-19,2CT,20C,2CA,CT,00,CA
162711,110152,28671,,8861,2002-01-09,0CC,2CT,2CA,00,00,CA
33482,4722,4531,8851,8308,1943-09-09,0TT,2T0,2CC,00,00,CC
162712,115052,106411,,7954,1993-08-20,2TT,2T0,2CA,TT,00,CA
163622,111262,28681,,8846,1996-02-07,2TC,20C,0CC,TC,00,00
163621,39982,26151,7782,7775,1982-06-10,2CC,20C,2CC,CC,00,CC
108611,4372,4631,8462,8402,1965-03-11,2TC,2TC,2CC,TC,00,CC
108961,38802,30761,3705,8449,1978-04-05,2TT,2TC,2CC,TT,00,CC
158981,108082,108781,,8459,1988-04-27,2TT,2TT,2CC,TT,TT,CC
106102,7822,3791,,7908,1972-09-12,2TT,20T,2CC,TT,00,CC
105932,8072,3741,,7905,1950-11-15,2CC,2TT,2CC,CC,TT,CC
4481,3542,8501,8303,8301,1925-10-04,2TC,200,0CC,TC,00,00
112612,4512,5841,8467,9843,1973-02-04,2TC,1T0,2CC,TC,00,CC
163712,105732,111401,,3012,1997-01-25,2CC,200,2CC,CC,00,CC
160131,127342,110281,,8762,1991-03-30,2CC,200,2CC,CC,TT,CC
108761,6012,4771,8463,8412,1965-11-06,0TT,2TC,2CC,00,00,CC
122512,6072,28811,8875,8857,1978-10-10,2TC,20C,2CC,TC,00,CC
25812,3062,5371,,8711,1953-05-03,1CC,20T,0AC,00,00,00
29332,1302,4281,8448,8202,1939-03-10,2CC,2TT,2AC,CC,00,AC
115742,20372,98751,8468,17310,1967-07-08,2TC,200,2CC,TC,00,CC
30441,5882,4291,8241,8205,1944-10-20,2CT,2TC,2CC,CT,00,CC
111081,39092,28801,,8854,1966-10-21,2TC,2C0,2CC,TC,00,CC
157841,107312,109601,,9661,1987-04-16,2CT,2C0,2CC,CT,00,CC
108541,5692,4511,8332,8306,1970-04-21,2TC,2CT,2CC,TC,00,CC
108811,26632,30571,8466,8445,1971-06-17,2TC,2TC,0AC,TC,00,00
31791,5892,4411,8260,8214,1957-11-29,2TT,2C0,0AC,TT,00,00
109361,28382,23821,,8530,1972-10-01,0TT,20T,2CC,00,00,CC
121712,110342,30601,3020,8456,1979-04-10,2TC,2CT,2CC,TC,00,CC
161711,110702,111131,,8868,1999-12-06,0TT,2CC,2AC,00,00,AC
161712,110432,111101,,8863,1992-02-05,0CC,2C0,2CC,00,00,CC
106571,38642,96871,7961,7940,1974-02-02,2TT,20C,2CC,TT,00,CC
122351,39062,98301,8978,8949,1980-04-17,2CT,2CT,2CA,CT,00,CA
159611,108942,28831,,22432,1993-07-02,2TT,20T,2CA,TT,00,CA
106771,5032,3941,17410,8012,1961-12-23,0TC,100,2CC,00,00,CC
106772,6002,4221,8253,8113,1956-12-19,0CC,2C0,2CC,00,00,CC
109962,39002,5581,3011,8821,1969-11-04,2TC,20T,2CC,TC,00,CC
168901,125272,110031,,23009,1995-04-02,2CC,2CC,0AC,CC,00,00
171351,100202,166371,,1101,1996-12-26,0TC,2T0,0CC,00,00,00
156911,24472,5851,,9850,1982-10-15,2CC,2TT,2AC,CC,00,AC
170082,28052,111491,,22603,1980-11-24,1TC,2TT,2CC,00,00,CC
111262,4922,5791,8846,9105,1955-01-10,2CT,2TC,2CC,CT,00,CC
111261,20262,22811,8954,8904,1955-07-26,2CT,2TT,2CC,CT,TT,CC
105902,8072,3741,,7905,1946-01-28,2CT,2CT,2CC,CT,00,CC
109701,4392,3391,9655,8609,1960-11-26,2CC,2CC,2CC,CC,00,CC
108382,552,4881,8458,8514,1963-12-11,0TC,2C0,0AC,00,00,00
108141,29772,30431,3603,8240,1969-07-21,2CT,2C0,2CC,CT,00,CC
161662,109972,110711,,22433,1992-03-13,2TT,200,2CC,TT,00,CC
106972,29572,27221,7957,8122,1972-08-22,2CT,20T,0AC,CT,00,00
159721,115822,111571,,3009,1993-12-28,2TC,20T,0AC,TC,00,00
24511,7792,3411,1602,17303,1953-03-31,0TT,200,0CC,00,00,00
111641,38992,97091,8963,8943,1965-11-26,2CT,200,2CC,CT,00,CC
110841,21612,28651,22437,8822,1972-10-08,2CC,20C,2AC,CC,00,AC
110842,26102,111511,,8956,1977-11-12,2TT,200,2AA,TT,00,AA
156001,25892,28731,8875,8860,1981-05-22,2TC,20C,0AA,TC,00,00
127692,33532,35961,8331,8309,1964-09-23,0TC,200,0CC,00,00,00
114121,24472,5851,9874,9850,1972-04-07,2TC,2CC,2CC,TC,00,CC
110112,33482,28751,,8851,1972-07-28,2CT,2CT,2AC,CT,00,AC
5892,9582,10051,8214,9004,1923-01-06,2TT,200,2CA,TT,TT,CA
110592,25982,97161,3013,8947,1972-08-16,2TT,2CC,2CC,TT,00,CC
3881,5252,8201,8007,8005,1927-11-01,1CT,100,2CC,00,00,CC
111411,5732,5601,,8905,1969-10-10,0TC,2TC,2CC,00,00,CC
160432,110142,108461,,8327,1988-01-19,2CC,200,2AA,CC,00,AA
160922,108862,111331,,3008,1990-04-05,2CC,20C,2CC,CC,00,CC
110602,25982,97161,,8947,1973-10-08,2TT,2C0,2CA,TT,00,CA
25912,3332,5471,17409,8805,1959-03-15,2CT,2TC,2CA,CT,00,CA
106592,25182,27331,8460,8104,1964-11-22,2CC,20T,2CA,CC,00,CA
25312,4172,5661,7942,8605,1946-07-15,2CC,2TT,1CC,CC,TT,00
32211,2702,5891,9147,9115,1945-10-19,0TC,200,2AC,00,00,AC
161251,112702,122331,,8968,1996-10-10,2CC,2TC,2CC,CC,00,CC
111511,24872,22661,8956,8940,1952-03-20,2TT,200,2AA,TT,00,AA
163822,100182,108761,,8463,1997-05-02,0TT,2TT,2CC,00,00,CC
111512,6052,6011,9652,9117,1958-12-18,0TT,2TC,2CC,00,00,CC
110022,23642,24091,,8848,1964-01-16,2TT,200,0CC,TT,00,00
110021,24012,23991,23002,8621,1966-06-02,2TC,2TC,2AC,TC,00,AC
158182,24472,5851,9884,9850,1981-07-10,2CC,2CC,2CC,CC,00,CC
109032,5362,5411,7729,8619,1968-02-20,0CC,200,0CC,00,00,00
110931,28412,98281,22436,8849,1969-05-14,0TC,20T,2AC,00,00,AC
100182,24742,32921,8463,1141,1968-04-08,0TC,2T0,1CC,00,00,00
159591,109942,110981,,8865,1992-02-12,2TC,20T,2CC,TC,00,CC
97081,3442,5191,8941,8907,1934-04-16,2CT,20C,2CA,CT,00,CA
124151,111512,23961,23012,9652,1982-03-18,0TC,2CC,2AC,00,00,AC
122201,8072,3741,7952,7905,1958-11-12,2CT,2TT,2CC,CT,TT,CC
110332,20272,22821,8453,8906,1953-03-27,2CT,2T0,2AC,CT,00,AC
159041,110342,30601,,8456,1987-04-01,2CC,2CT,2CA,CC,00,CA
118101,106002,106321,7958,7941,1971-06-03,2TC,2C0,2CC,TC,00,CC
161892,108862,111331,,3008,1991-06-14,2CC,20C,0CC,CC,00,00
161891,108152,108821,,8473,2000-09-29,2CC,20T,0AC,CC,TT,00
5882,9582,10051,8205,9004,1920-12-27,2TC,2C0,2CC,TC,00,CC
25482,6032,9801,8856,8612,1941-06-09,2TT,200,2CA,TT,00,CA
97171,3452,5201,8948,8909,1948-12-06,2TC,20T,2CC,TC,00,CC
161382,108452,111561,,3003,1991-05-10,2CC,2TT,2CC,CC,TT,CC
106371,8372,3711,7950,7903,1957-12-08,2TC,2CT,2CC,TC,00,CC
116652,25822,106391,17423,7947,1979-05-26,2TC,2T0,2CC,TC,00,CC
161871,110032,108891,,8472,1998-07-01,2TT,20C,0CC,TT,00,00
161872,109932,111371,,3006,1993-08-30,2TC,2TT,2CA,TC,00,CA
154252,105092,111261,8981,8954,1981-10-10,2TC,2T0,2CA,TC,00,CA
4471,3542,8501,8302,8301,1924-09-17,2TC,200,2CA,TC,00,CA
6002,1952,5981,8113,9107,1931-01-11,0TC,200,0AC,00,00,00
4672,6742,4491,,8304,1953-10-19,0CC,2T0,2CC,00,00,CC
4671,9102,8011,8407,8405,1933-06-27,2TT,2T0,2CA,TT,00,CA
106451,2032,9931,7948,7907,1952-04-17,2CT,200,2CC,CT,00,CC
105062,5102,3421,7771,7711,1954-01-11,2TT,200,0AC,TT,00,00
26172,4342,3531,,8813,1953-05-11,2CC,20C,2AC,CC,00,AC
154412,25822,106391,1812,7947,1982-07-19,2TC,2T0,2CC,TC,00,CC
170882,24102,33071,23010,19017,1982-09-12,2CC,2TT,2CC,CC,TT,CC
107511,5852,4251,1920,8118,1957-09-25,1TC,2CT,0AC,00,00,00
162492,107032,108941,,8465,1995-12-20,0TC,2TC,2CC,00,00,CC
3401,3342,3431,7769,7709,1948-10-23,2TC,20C,2CA,TC,00,CA
163382,110232,111111,,8866,1997-10-27,0CC,2T0,2CC,00,00,CC
105242,23862,3401,8872,7769,1978-04-13,0CC,2CT,2AC,00,00,AC
26002,4322,5491,8454,8807,1952-08-03,2CT,20C,2AC,CT,00,AC
159861,107652,111441,,8962,1992-05-01,0TC,2TC,2AC,00,00,AC
162721,112562,111121,,8864,2001-12-20,2TT,2C0,2CA,TT,00,CA
33492,4722,4531,,8308,1948-06-18,2CC,2C0,2CC,CC,00,CC
161522,107762,111291,,8964,1991-03-06,2CC,2TT,0CC,CC,TT,00
108601,33362,4521,8335,8342,1976-04-08,2TC,2TC,2CC,TC,00,CC
163632,112562,111121,,8864,1999-07-25,2TT,2C0,0CC,TT,00,00
108971,21322,30871,3702,8450,1974-12-20,2CC,20C,2CA,CC,00,CA
107422,4972,30441,22440,8241,1977-02-28,2CT,2C0,2CC,CT,00,CC
157291,109342,31831,8295,8261,1985-02-10,0CC,200,0CC,00,00,00
121431,25702,30611,,8452,1981-11-23,2TC,2TT,2CC,TC,00,CC
106112,7822,3791,,7908,1977-05-21,2TC,20T,2CC,TC,00,CC
146782,95922,98731,3501,19007,1961-07-21,0TC,2CT,2CA,00,00,CA
162122,105732,111401,,3012,1995-07-10,2CT,2TC,2CC,CT,00,CC
4491,3542,8501,8304,8301,1931-09-29,2TC,200,0CC,TC,00,00
112371,4922,5791,9868,9105,1969-12-21,2CT,200,2CC,CT,00,CC
105482,3872,3631,7724,7811,1966-03-17,2CT,2TT,1CC,CT,00,00
163702,109962,111391,,3011,1999-05-04,2CT,2T0,2CC,CT,00,CC
168712,25842,31641,8286,9444,1981-02-12,2CT,100,2CC,CT,00,CC
161411,106972,106641,,7957,1997-02-09,2TT,2C0,2CA,TT,00,CA
122562,39072,97181,,8951,1980-01-04,2TC,2C0,2CC,TC,00,CC
160382,23482,28571,,8858,1988-08-09,2CC,2T0,2AC,CC,00,AC
107732,33362,4521,,8342,1977-03-28,0TC,2TC,2AA,00,00,AA
164382,107322,109691,,23003,1998-04-09,2CT,2CC,2AC,CT,00,AC
112572,20292,22831,8471,9842,1970-08-21,2TC,10T,0AC,TC,00,00
112571,4932,5921,9870,9113,1968-09-26,2CT,20T,0CC,CT,TT,00
30651,9102,8011,8451,8405,1931-11-06,2CT,2T0,2CC,CT,00,CC
108801,26632,30571,8471,8445,1970-04-24,2TC,2TC,2CA,TC,00,CA
30871,4872,8071,8450,8415,1952-08-06,1TC,20C,2CC,00,00,CC
29942,2692,5871,8124,9114,1943-06-29,0CC,2TC,0AC,00,00,00
161702,104882,110751,,8862,1993-05-26,2CT,200,2AC,CT,00,AC
161701,110232,111111,,8866,1996-03-23,0TC,2C0,0CC,00,00,00
122361,30582,97111,3020,8952,1980-05-05,2CC,2TT,2CC,CC,00,CC
29542,5902,4421,7946,8215,1956-04-08,2CC,200,2AC,CC,TT,AC
107642,33412,36091,8322,8316,1962-10-15,0TC,20T,2CC,00,00,CC
159601,108942,28831,,22432,1990-02-07,2TC,2CC,2CC,TC,00,CC
114932,4832,7741,8969,17103,1973-03-13,0CC,200,2CC,00,00,CC
28541,3322,5471,8855,8804,1944-06-07,0TC,2TC,2CA,00,00,CA
172812,21042,27481,8292,9551,1979-06-19,0TT,1T0,0AC,00,00,00
125142,39732,26831,17445,17402,1979-12-24,0TC,2TC,0AC,00,00,00
29782,8052,5991,9145,9108,1949-11-04,1TT,10T,2CC,00,00,CC
158951,108082,108781,3707,8459,1983-08-11,2TT,2TT,2CC,TT,TT,CC
171361,168302,100141,,1102,1988-07-11,0TC,2T0,2CC,00,00,CC
109952,39002,5581,3005,8821,1967-07-26,2TC,20T,2CC,TC,00,CC
111181,6072,28811,,8857,1977-12-01,2TT,20T,2CC,TT,00,CC
108391,106762,31781,8286,8249,1976-07-04,0CC,200,0AC,00,00,00
159731,109962,111391,,3011,1992-08-26,2CT,2CT,2CC,CT,00,CC
28301,5512,5271,8747,8703,1954-03-19,0TC,1TC,0AC,00,00,00
110851,21612,28651,22441,8822,1974-10-18,2CC,20C,2AC,CC,00,AC
161672,111262,28681,,8846,1991-10-10,2CC,20C,0CC,CC,00,00
161671,111752,110841,,22437,1999-10-21,2CT,20T,2AC,CT,00,AC
156011,25982,97161,3022,8947,1979-04-25,2TT,2C0,2CC,TT,00,CC
111451,20272,22821,8967,8906,1964-10-29,2CT,2T0,2AC,CT,00,AC
111321,5732,5601,8953,8905,1952-11-20,0TC,2T0,2CC,00,00,CC
110102,21462,28701,,8850,1977-10-05,0TC,2TT,2CA,00,00,CA
109601,5402,5111,9661,8607,1963-03-05,0CC,2CC,2CC,00,00,CC
111691,5582,97141,3015,8945,1966-09-30,2CC,2T0,2CC,CC,00,CC
36592,9402,8841,3010,7008,1934-05-17,0TC,2TT,2CC,00,TT,CC
95922,9582,10051,19007,9004,1940-07-15,2CT,20T,2CA,CT,00,CA
160932,115822,111571,3022,3009,1988-02-02,2CC,2T0,0AC,CC,TT,00
160421,112722,106491,,7955,1995-07-01,2TT,20T,2CC,TT,00,CC
160422,26102,111511,,8956,1988-07-11,2TT,200,2AA,TT,00,AA
160331,109792,111631,,8961,1995-06-18,2TT,2C0,0AC,TT,00,00
170302,107312,108021,23011,9661,1985-05-02,2CC,200,2AC,CC,00,AC
161531,106972,106641,,7957,1998-10-17,2CC,2CT,0CC,CC,00,00
26341,6662,3621,7844,7809,1951-11-17,2CC,100,2CA,CC,00,CA
110031,24012,23991,23009,8621,1967-11-14,2CC,2TC,0CC,CC,00,00
110032,23642,24091,8472,8848,1970-01-06,2TT,2TC,0CC,TT,00,00
100602,23912,7961,17411,1640,1966-10-12,2TT,10C,0CC,TT,00,00
115822,5572,7931,3009,17312,1968-05-09,2CC,2T0,0AC,CC,TT,00
109042,5362,5411,7731,8619,1970-09-01,0TC,100,0AC,00,00,00
122301,21462,28701,4002,8850,1980-07-25,0TC,20T,2CC,00,00,CC
170542,100582,109681,,23004,1999-09-24,2CC,2CC,2CC,CC,00,CC
155601,31042,34001,,8343,1982-08-10,2TT,2TT,2CA,TT,TT,CA
110921,28412,98281,,8849,1968-03-08,0TT,20T,2AC,00,00,AC
165562,26412,33061,8980,19045,1982-12-31,2CC,200,2CC,CC,00,CC
158082,25062,26321,3707,7852,1983-08-06,2TC,2TT,0CC,TC,TT,00
173142,100202,166371,,1101,1995-03-28,0TT,200,2CC,00,00,CC
98301,3452,5201,8949,8909,1945-11-27,2TC,20C,2CC,TC,00,CC
97161,3452,5201,8947,8909,1947-07-09,2TT,2CC,2CC,TT,00,CC
161841,108382,4691,,8458,1999-08-19,2CT,2TC,2CC,CT,00,CC
161842,100172,111581,,3004,1990-11-13,0TC,2TT,2CC,00,00,CC
162391,110652,111661,,8966,1999-12-21,2CT,20C,2CC,CT,00,CC
162392,106052,106371,,7950,1993-12-07,2TC,2TT,2CC,TC,TT,CC
6012,1952,5981,8412,9107,1934-05-04,2CT,2C0,2CC,CT,00,CC
162462,160612,30711,,8464,1995-11-17,2TT,2CT,2CC,TT,00,CC
106062,7822,3791,8268,7908,1963-10-04,2CT,20T,2CC,CT,00,CC
161282,29542,106461,,7946,1991-01-17,2CC,200,2CC,CC,00,CC
26162,4342,3531,,8813,1952-02-07,2CC,20C,0AC,CC,00,00
154392,29542,106461,,7946,1982-10-04,2CC,200,2CC,CC,00,CC
97301,9972,3521,8946,8912,1945-01-15,2CT,2C0,2CA,CT,00,CA
120281,23492,120341,2204,1603,1981-10-11,0CC,10T,0CC,00,00,00
24182,5022,3921,,8010,1954-07-02,0TT,100,1CC,00,00,00
162482,115712,108611,,8462,1994-11-03,2CT,2TC,2CC,CT,00,CC
158431,26312,23951,,9647,1988-09-10,2CC,2CC,2AC,CC,00,AC
168891,107132,109721,,23008,1997-01-22,2CC,2TT,2CC,CC,00,CC
153812,112312,108561,,8323,1982-04-11,0CC,2TC,2CA,00,00,CA
124341,25402,26761,1812,1842,1979-12-21,0CC,20C,0CC,00,00,00
154262,39062,98301,8877,8949,1982-09-28,2CT,20T,2CC,CT,00,CC
125342,21662,30501,3612,9442,1974-07-25,0TC,200,0AC,00,00,00
108941,38802,30761,8465,8449,1967-03-25,2TT,2TC,2CC,TT,00,CC
108942,9992,5161,22432,8616,1967-01-17,1TC,2TC,2AC,00,00,AC
159852,25722,111351,,8957,1986-03-21,2CC,2CT,2CC,CC,00,CC
164952,3652,105421,7777,7774,1981-09-03,0CC,200,2AC,00,00,AC
121401,21322,30871,,8450,1978-06-24,2TC,200,2CC,TC,00,CC
157281,109342,31831,8294,8261,1983-10-08,0TT,200,0AC,00,00,00
162371,110702,111131,,8868,2001-02-01,0TT,2CC,2CC,00,00,CC
107432,26282,30451,8466,8242,1969-04-07,2CT,200,2CC,CT,TT,CC
168822,25542,32231,9164,9149,1983-06-19,2CT,200,2AA,CT,00,AA
112362,38912,97291,8324,9749,1965-06-15,2TC,2CT,2CC,TC,00,CC
157041,111512,23961,,9652,1986-01-12,0TC,2CC,2AC,00,00,AC
162642,105402,108491,,8326,1987-03-01,2CC,2T0,2CC,CC,00,CC
162132,110592,111601,,3013,1995-07-13,2TT,2TC,2CC,TT,00,CC
163732,108382,4691,,8458,1997-11-14,2TT,2T0,2CC,TT,00,CC
163512,115022,111691,,3015,1998-08-15,2CC,2T0,2CC,CC,00,CC
161461,110682,110931,,22436,1997-12-03,2CT,200,2CA,CT,00,CA
122281,111482,28561,22446,8847,1978-10-19,0TT,2CC,2CC,00,00,CC
122572,29802,111321,,8953,1979-08-02,2TT,2T0,2CA,TT,00,CA
106632,25332,27151,8264,8106,1965-04-26,0CC,2TC,1CC,00,00,00
107722,26152,36061,9669,8341,1975-10-18,2TT,200,0CC,TT,00,00
160392,111342,111361,,3002,1988-05-20,0TC,2TT,2CC,00,00,CC
112561,4932,5921,9867,9113,1967-01-05,0TC,2TT,0AC,00,TT,00
112562,20292,22831,8864,9842,1968-04-29,2TC,200,0AC,TC,00,00
163352,110152,28671,,8861,1998-03-15,0CC,2CT,2CC,00,00,CC
163602,110682,110931,,22436,1999-04-28,2TT,2TT,2CA,TT,00,CA
168871,112222,110001,,23007,1999-07-09,0TC,2T0,2AA,00,00,AA
108831,110332,30591,3703,8453,1976-01-30,2CC,2C0,2CA,CC,00,CA
164372,107322,109691,,23003,1996-04-25,2CT,2CC,2AC,CT,00,AC
111061,70022,28641,22444,8853,1969-09-11,2TT,200,0CC,TT,00,00
105952,8072,3741,,7905,1957-05-22,2TC,2CT,2CC,TC,00,CC
122371,105092,111261,,8954,1980-03-24,2CC,2T0,2CA,CC,00,CA
159631,110062,111071,,22430,1993-03-23,2CT,2CT,2CC,CT,00,CC
108011,5902,4421,8257,8215,1959-12-10,2CC,200,2AC,CC,TT,AC
164082,107102,110021,,23002,1997-02-03,2TC,2CC,2CA,TC,00,CA
171371,168302,100141,,1102,1992-02-28,0TC,2TT,2CC,00,00,CC
107652,33412,36091,8962,8316,1964-05-30,0TC,20C,2CC,00,00,CC
28571,3332,5471,8858,8805,1955-01-30,2CC,2TC,2CA,CC,00,CA
30881,4872,8071,8455,8415,1954-01-10,0TT,2T0,2CC,00,TT,CC
108491,5692,4511,8326,8306,1962-06-14,2TC,20T,2CA,TC,00,CA
158941,108382,4691,,8458,1987-04-27,0CC,2TC,2AC,00,00,AC
109942,39002,5581,8865,8821,1966-04-26,2TC,20T,2CC,TC,00,CC
109721,4392,3391,23008,8609,1965-05-29,1CC,2CT,2CC,00,00,CC
126611,28522,96801,,1246,1979-02-08,0CC,2T0,1CC,00,00,00
28681,2912,5501,8846,8808,1951-08-10,2CT,200,0AC,CT,TT,00
5521,3332,5471,22434,8805,1951-04-07,2CC,20C,2CA,CC,00,CA
160701,25822,106391,,7947,1995-10-26,2TC,2T0,2CC,TC,00,CC
110822,28362,111541,2154,8955,1976-08-07,0TT,2C0,2AC,00,00,AC
159701,108472,111591,,3007,1991-02-24,2CC,200,2CC,CC,00,CC
110821,39002,5581,22439,8821,1972-12-12,2TC,20T,2CA,TC,00,CA
156021,28362,111541,,8955,1981-02-23,0TT,2C0,0CC,00,00,00
108122,38802,30761,,8449,1976-09-27,2TT,2C0,2CC,TT,00,CC
161601,107312,109601,,9661,1998-05-16,2CC,2CC,2CC,CC,00,CC
111661,30542,97351,8966,8944,1966-07-04,2CC,2C0,2CC,CC,00,CC
111841,30582,97111,3016,8952,1976-09-06,2CC,20T,2CC,CC,TT,CC
111441,20272,22821,8962,8906,1962-11-01,2CT,2T0,2AC,CT,00,AC
111331,5732,5601,3008,8905,1954-01-15,2CT,200,2CC,CT,00,CC
127902,39452,97751,7959,17142,1977-10-08,0TC,200,2CC,00,00,CC
110132,33482,28751,1723,8851,1976-11-30,0TC,200,2CC,00,00,CC
127672,5692,4511,8345,8306,1959-06-10,2TC,20T,2CC,TC,00,CC
100562,21282,3321,9876,1541,1977-01-19,0CC,2CT,2AC,00,00,AC
109612,39962,28231,1103,8715,1974-10-16,2CC,20C,2CC,CC,00,CC
123022,20292,22831,8879,9842,1979-08-09,2CT,100,0AC,CT,00,00
161112,108382,4691,,8458,1988-08-12,0TC,2TC,2CC,00,00,CC
108231,26282,30451,8279,8242,1972-03-04,2CC,200,2CC,CC,TT,CC
4391,4262,4361,8245,8210,1947-06-23,2TT,200,2CC,TT,00,CC
160412,109952,111381,,3005,1988-07-31,0CC,2TT,0CC,00,00,00
156731,21612,28651,,8822,1982-05-22,0CC,200,2AC,00,00,AC
28751,4342,3531,8851,8813,1942-03-03,2CC,20C,2AC,CC,00,AC
110622,25982,97161,,8947,1976-07-04,2TC,2CC,2CA,TC,00,CA
